date,0_days_air,10_days_air,10_days_grain,1_days_air,2_days_air,3_days_air,4_days_air,5_days_air,6_days_air,7_days_air,8_days_air,9_days_air,air_average,grain_average
2015-09-20,22.5,21.28,29.01,21.9,20.3,20.6,21.8,20.6,21.28,21.28,21.28,21.28,22.0,27.816879272460934
2015-09-21,22.0,21.39,29.03,22.5,21.9,20.3,20.6,21.8,20.6,21.39,21.39,21.39,21.5,28.93227577209473
2015-09-22,21.5,21.4,28.41,22.0,22.5,21.9,20.3,20.6,21.8,20.6,21.4,21.4,21.9,28.45111846923828
2015-09-23,21.9,21.46,27.69,21.5,22.0,22.5,21.9,20.3,20.6,21.8,20.6,21.46,21.5,27.59960746765137
2015-09-24,21.5,21.46,28.59,21.9,21.5,22.0,22.5,21.9,20.3,20.6,21.8,20.6,20.9,27.423006057739254
2015-09-25,20.9,20.6,27.68,21.5,21.9,21.5,22.0,22.5,21.9,20.3,20.6,21.8,22.5,28.532066345214844
2015-09-26,22.5,21.8,27.77,20.9,21.5,21.9,21.5,22.0,22.5,21.9,20.3,20.6,21.8,27.537317276000977
2015-09-27,21.8,20.6,28.56,22.5,20.9,21.5,21.9,21.5,22.0,22.5,21.9,20.3,20.2,28.41968536376953
2015-09-28,20.2,20.3,27.45,21.8,22.5,20.9,21.5,21.9,21.5,22.0,22.5,21.9,20.0,28.10335350036621
2015-09-29,20.0,21.9,27.67,20.2,21.8,22.5,20.9,21.5,21.9,21.5,22.0,22.5,21.5,27.10030174255371
2015-09-30,21.5,22.5,27.82,20.0,20.2,21.8,22.5,20.9,21.5,21.9,21.5,22.0,20.2,26.83608055114746
2015-10-01,20.2,22.0,28.93,21.5,20.0,20.2,21.8,22.5,20.9,21.5,21.9,21.5,19.8,26.48448181152344
2015-10-02,19.8,21.5,28.45,20.2,21.5,20.0,20.2,21.8,22.5,20.9,21.5,21.9,16.1,25.53704833984375
2015-10-03,16.1,21.9,27.6,19.8,20.2,21.5,20.0,20.2,21.8,22.5,20.9,21.5,19.1,25.62104606628418
2015-10-04,19.1,21.5,27.42,16.1,19.8,20.2,21.5,20.0,20.2,21.8,22.5,20.9,19.0,25.910356521606445
2015-10-05,19.0,20.9,28.53,19.1,16.1,19.8,20.2,21.5,20.0,20.2,21.8,22.5,20.1,25.5374698638916
2015-10-07,19.3,21.8,28.42,20.1,19.0,19.1,16.1,19.8,20.2,21.5,20.0,20.2,17.0,25.65274810791016
2015-10-08,17.0,20.2,28.1,19.3,20.1,19.0,19.1,16.1,19.8,20.2,21.5,20.0,18.1,24.73710632324219
2015-10-09,18.1,20.0,27.1,17.0,19.3,20.1,19.0,19.1,16.1,19.8,20.2,21.5,16.1,24.50664329528809
2015-10-10,16.1,21.5,26.84,18.1,17.0,19.3,20.1,19.0,19.1,16.1,19.8,20.2,15.1,24.320802688598636
2015-10-11,15.1,20.2,26.48,16.1,18.1,17.0,19.3,20.1,19.0,19.1,16.1,19.8,12.9,23.760114669799805
2015-10-12,12.9,19.8,25.54,15.1,16.1,18.1,17.0,19.3,20.1,19.0,19.1,16.1,14.1,23.260778427124023
2015-10-13,14.1,16.1,25.62,12.9,15.1,16.1,18.1,17.0,19.3,20.1,19.0,19.1,15.7,23.23761940002441
2015-10-14,15.7,19.1,25.91,14.1,12.9,15.1,16.1,18.1,17.0,19.3,20.1,19.0,16.5,28.35326194763184
2015-10-15,16.5,19.0,25.54,15.7,14.1,12.9,15.1,16.1,18.1,17.0,19.3,20.1,17.3,28.13909912109375
2015-10-17,17.7,19.3,25.65,17.3,16.5,15.7,14.1,12.9,15.1,16.1,18.1,17.0,17.3,23.94489860534668
2015-10-18,17.3,17.0,24.74,17.7,17.3,16.5,15.7,14.1,12.9,15.1,16.1,18.1,17.2,21.649093627929688
2015-10-19,17.2,18.1,24.51,17.3,17.7,17.3,16.5,15.7,14.1,12.9,15.1,16.1,15.9,20.888887405395508
2015-10-20,15.9,16.1,24.32,17.2,17.3,17.7,17.3,16.5,15.7,14.1,12.9,15.1,17.0,21.735084533691406
2015-10-21,17.0,15.1,23.76,15.9,17.2,17.3,17.7,17.3,16.5,15.7,14.1,12.9,17.8,22.27642059326172
2015-10-22,17.8,12.9,23.26,17.0,15.9,17.2,17.3,17.7,17.3,16.5,15.7,14.1,17.7,22.13248634338379
2015-10-23,17.7,14.1,23.24,17.8,17.0,15.9,17.2,17.3,17.7,17.3,16.5,15.7,17.4,22.073219299316406
2015-10-25,18.1,16.5,28.14,17.4,17.7,17.8,17.0,15.9,17.2,17.3,17.7,17.3,18.2,22.13152313232422
2015-10-27,16.2,17.7,23.94,18.2,18.1,17.4,17.7,17.8,17.0,15.9,17.2,17.3,13.6,21.1456241607666
2015-10-28,13.6,17.3,21.65,16.2,18.2,18.1,17.4,17.7,17.8,17.0,15.9,17.2,12.5,20.37339973449707
2015-10-29,12.5,17.2,20.89,13.6,16.2,18.2,18.1,17.4,17.7,17.8,17.0,15.9,14.6,20.3625602722168
2015-10-30,14.6,15.9,21.74,12.5,13.6,16.2,18.2,18.1,17.4,17.7,17.8,17.0,11.9,19.96506690979004
2015-10-31,11.9,17.0,22.28,14.6,12.5,13.6,16.2,18.2,18.1,17.4,17.7,17.8,10.3,19.082157135009766
2015-11-01,10.3,17.8,22.13,11.9,14.6,12.5,13.6,16.2,18.2,18.1,17.4,17.7,11.5,18.90531349182129
2015-11-02,11.5,17.7,22.07,10.3,11.9,14.6,12.5,13.6,16.2,18.2,18.1,17.4,11.0,18.531221389770508
2015-11-04,11.5,18.1,22.13,11.0,11.5,10.3,11.9,14.6,12.5,13.6,16.2,18.2,16.2,18.321435928344727
2015-11-05,16.2,18.2,21.88,11.5,11.0,11.5,10.3,11.9,14.6,12.5,13.6,16.2,17.4,18.67554473876953
2015-11-06,17.4,16.2,21.15,16.2,11.5,11.0,11.5,10.3,11.9,14.6,12.5,13.6,19.7,19.46730232238769
2015-11-07,19.7,13.6,20.37,17.4,16.2,11.5,11.0,11.5,10.3,11.9,14.6,12.5,12.4,19.971466064453125
2015-11-09,10.1,14.6,19.97,12.4,19.7,17.4,16.2,11.5,11.0,11.5,10.3,11.9,9.2,17.923669815063477
2015-11-10,9.2,11.9,19.08,10.1,12.4,19.7,17.4,16.2,11.5,11.0,11.5,10.3,8.8,17.012531280517578
2015-11-11,8.8,10.3,18.91,9.2,10.1,12.4,19.7,17.4,16.2,11.5,11.0,11.5,11.3,17.045019149780273
2015-11-12,11.3,11.5,18.53,8.8,9.2,10.1,12.4,19.7,17.4,16.2,11.5,11.0,11.0,17.092391967773438
2015-11-13,11.0,11.0,18.09,11.3,8.8,9.2,10.1,12.4,19.7,17.4,16.2,11.5,11.9,16.988800048828125
2015-11-14,11.9,11.5,18.32,11.0,11.3,8.8,9.2,10.1,12.4,19.7,17.4,16.2,11.5,16.643327713012695
2015-11-15,11.5,16.2,18.68,11.9,11.0,11.3,8.8,9.2,10.1,12.4,19.7,17.4,11.9,16.35715675354004
2015-11-16,11.9,17.4,19.47,11.5,11.9,11.0,11.3,8.8,9.2,10.1,12.4,19.7,13.0,16.767723083496097
2015-11-17,13.0,19.7,19.97,11.9,11.5,11.9,11.0,11.3,8.8,9.2,10.1,12.4,11.6,16.729438781738278
2015-11-19,10.3,10.1,17.92,11.6,13.0,11.9,11.5,11.9,11.0,11.3,8.8,9.2,9.4,16.250089645385742
2015-11-20,9.4,9.2,17.01,10.3,11.6,13.0,11.9,11.5,11.9,11.0,11.3,8.8,11.1,15.939613342285154
2015-11-21,11.1,8.8,17.05,9.4,10.3,11.6,13.0,11.9,11.5,11.9,11.0,11.3,12.9,15.948097229003904
2015-11-22,12.9,11.3,17.09,11.1,9.4,10.3,11.6,13.0,11.9,11.5,11.9,11.0,13.7,16.24924659729004
2015-11-23,13.7,11.0,16.99,12.9,11.1,9.4,10.3,11.6,13.0,11.9,11.5,11.9,9.7,16.338918685913086
2015-11-24,9.7,11.9,16.64,13.7,12.9,11.1,9.4,10.3,11.6,13.0,11.9,11.5,2.0,15.278109550476074
2015-11-25,2.0,11.5,16.36,9.7,13.7,12.9,11.1,9.4,10.3,11.6,13.0,11.9,-0.2,13.610417366027832
2015-11-26,-0.2,11.9,16.77,2.0,9.7,13.7,12.9,11.1,9.4,10.3,11.6,13.0,-2.4,12.187076568603516
2015-11-27,-2.4,13.0,16.73,-0.2,2.0,9.7,13.7,12.9,11.1,9.4,10.3,11.6,-1.4,20.91847801208496
2015-11-28,-1.4,11.6,16.64,-2.4,-0.2,2.0,9.7,13.7,12.9,11.1,9.4,10.3,4.1,20.35353279113769
2015-11-29,4.1,10.3,16.25,-1.4,-2.4,-0.2,2.0,9.7,13.7,12.9,11.1,9.4,6.7,15.95525360107422
2015-11-30,6.7,9.4,15.94,4.1,-1.4,-2.4,-0.2,2.0,9.7,13.7,12.9,11.1,7.3,11.361927032470705
2015-12-01,7.3,11.1,15.95,6.7,4.1,-1.4,-2.4,-0.2,2.0,9.7,13.7,12.9,11.3,11.83384609222412
2015-12-02,11.3,12.9,16.25,7.3,6.7,4.1,-1.4,-2.4,-0.2,2.0,9.7,13.7,8.7,11.555645942687988
2015-12-03,8.7,13.7,16.34,11.3,7.3,6.7,4.1,-1.4,-2.4,-0.2,2.0,9.7,3.7,7.478683471679687
2015-12-04,3.7,9.7,15.28,8.7,11.3,7.3,6.7,4.1,-1.4,-2.4,-0.2,2.0,2.8,5.476328372955322
2015-12-05,2.8,2.0,13.61,3.7,8.7,11.3,7.3,6.7,4.1,-1.4,-2.4,-0.2,2.9,6.860114574432372
2015-12-06,2.9,-0.2,12.19,2.8,3.7,8.7,11.3,7.3,6.7,4.1,-1.4,-2.4,4.7,8.67047119140625
2015-12-07,4.7,-2.4,20.92,2.9,2.8,3.7,8.7,11.3,7.3,6.7,4.1,-1.4,3.8,9.929558753967283
2015-12-08,3.8,-1.4,20.35,4.7,2.9,2.8,3.7,8.7,11.3,7.3,6.7,4.1,5.9,8.983817100524902
2015-12-09,5.9,4.1,15.96,3.8,4.7,2.9,2.8,3.7,8.7,11.3,7.3,6.7,9.2,9.214311599731444
2015-12-10,9.2,6.7,11.36,5.9,3.8,4.7,2.9,2.8,3.7,8.7,11.3,7.3,10.0,9.521196365356444
2015-12-11,10.0,7.3,11.83,9.2,5.9,3.8,4.7,2.9,2.8,3.7,8.7,11.3,5.1,9.438223838806152
2015-12-12,5.1,11.3,11.56,10.0,9.2,5.9,3.8,4.7,2.9,2.8,3.7,8.7,2.7,8.498823165893555
2015-12-13,2.7,8.7,7.48,5.1,10.0,9.2,5.9,3.8,4.7,2.9,2.8,3.7,3.0,8.326871871948242
2015-12-14,3.0,3.7,5.48,2.7,5.1,10.0,9.2,5.9,3.8,4.7,2.9,2.8,3.2,8.025150299072267
2015-12-15,3.2,2.8,6.86,3.0,2.7,5.1,10.0,9.2,5.9,3.8,4.7,2.9,3.5,7.715096950531006
2015-12-16,3.5,2.9,8.67,3.2,3.0,2.7,5.1,10.0,9.2,5.9,3.8,4.7,1.1,7.598459720611572
2015-12-17,1.1,4.7,9.93,3.5,3.2,3.0,2.7,5.1,10.0,9.2,5.9,3.8,-1.0,6.890882015228272
2015-12-18,-1.0,3.8,8.98,1.1,3.5,3.2,3.0,2.7,5.1,10.0,9.2,5.9,-0.8,5.659480571746826
2015-12-19,-0.8,5.9,9.21,-1.0,1.1,3.5,3.2,3.0,2.7,5.1,10.0,9.2,1.4,5.398097515106201
2015-12-20,1.4,9.2,9.52,-0.8,-1.0,1.1,3.5,3.2,3.0,2.7,5.1,10.0,3.4,6.271890163421631
2015-12-21,3.4,10.0,9.44,1.4,-0.8,-1.0,1.1,3.5,3.2,3.0,2.7,5.1,2.2,5.713284969329834
2015-12-22,2.2,5.1,8.5,3.4,1.4,-0.8,-1.0,1.1,3.5,3.2,3.0,2.7,5.9,6.505434513092041
2015-12-23,5.9,2.7,8.33,2.2,3.4,1.4,-0.8,-1.0,1.1,3.5,3.2,3.0,7.5,6.894505023956299
2015-12-24,7.5,3.0,8.03,5.9,2.2,3.4,1.4,-0.8,-1.0,1.1,3.5,3.2,6.1,7.191667079925537
2015-12-25,6.1,3.2,7.72,7.5,5.9,2.2,3.4,1.4,-0.8,-1.0,1.1,3.5,3.9,6.781341075897218
2015-12-26,3.9,3.5,7.6,6.1,7.5,5.9,2.2,3.4,1.4,-0.8,-1.0,1.1,5.5,6.5997886657714835
2015-12-27,5.5,1.1,6.89,3.9,6.1,7.5,5.9,2.2,3.4,1.4,-0.8,-1.0,3.1,7.1499390602111825
2015-12-28,3.1,-1.0,5.66,5.5,3.9,6.1,7.5,5.9,2.2,3.4,1.4,-0.8,0.7,6.3604469299316415
2015-12-29,0.7,-0.8,5.4,3.1,5.5,3.9,6.1,7.5,5.9,2.2,3.4,1.4,1.7,5.499607563018799
2015-12-30,1.7,1.4,6.27,0.7,3.1,5.5,3.9,6.1,7.5,5.9,2.2,3.4,2.8,5.433393478393555
2015-12-31,2.8,3.4,5.71,1.7,0.7,3.1,5.5,3.9,6.1,7.5,5.9,2.2,0.6,5.0740623474121085
2016-01-01,0.6,2.2,6.51,2.8,1.7,0.7,3.1,5.5,3.9,6.1,7.5,5.9,4.4,4.890763759613037
2016-01-02,4.4,5.9,6.89,0.6,2.8,1.7,0.7,3.1,5.5,3.9,6.1,7.5,7.4,5.9109721183776855
2016-01-03,7.4,7.5,7.19,4.4,0.6,2.8,1.7,0.7,3.1,5.5,3.9,6.1,7.5,6.206840515136719
2016-01-04,7.5,6.1,6.78,7.4,4.4,0.6,2.8,1.7,0.7,3.1,5.5,3.9,7.1,6.9443840980529785
2016-01-05,7.1,3.9,6.6,7.5,7.4,4.4,0.6,2.8,1.7,0.7,3.1,5.5,5.8,7.21881103515625
2016-01-06,5.8,5.5,7.15,7.1,7.5,7.4,4.4,0.6,2.8,1.7,0.7,3.1,5.7,7.125633716583253
2016-01-07,5.7,3.1,6.36,5.8,7.1,7.5,7.4,4.4,0.6,2.8,1.7,0.7,2.3,7.0980072021484375
2016-01-08,2.3,0.7,5.5,5.7,5.8,7.1,7.5,7.4,4.4,0.6,2.8,1.7,-0.1,5.950815200805664
2016-01-09,-0.1,1.7,5.43,2.3,5.7,5.8,7.1,7.5,7.4,4.4,0.6,2.8,1.3,5.396920680999756
2016-01-10,1.3,2.8,5.07,-0.1,2.3,5.7,5.8,7.1,7.5,7.4,4.4,0.6,4.0,5.633363246917725
2016-01-11,4.0,0.6,4.89,1.3,-0.1,2.3,5.7,5.8,7.1,7.5,7.4,4.4,1.9,6.1576690673828125
2016-01-12,1.9,4.4,5.91,4.0,1.3,-0.1,2.3,5.7,5.8,7.1,7.5,7.4,-1.2,5.504800796508789
2016-01-13,-1.2,7.4,6.21,1.9,4.0,1.3,-0.1,2.3,5.7,5.8,7.1,7.5,-1.4,4.745410442352295
2016-01-14,-1.4,7.5,6.94,-1.2,1.9,4.0,1.3,-0.1,2.3,5.7,5.8,7.1,-0.9,4.354528903961182
2016-01-15,-0.9,7.1,7.22,-1.4,-1.2,1.9,4.0,1.3,-0.1,2.3,5.7,5.8,0.0,3.8843295574188232
2016-01-16,0.0,5.8,7.13,-0.9,-1.4,-1.2,1.9,4.0,1.3,-0.1,2.3,5.7,3.8,4.003683567047118
2016-01-17,3.8,5.7,7.1,0.0,-0.9,-1.4,-1.2,1.9,4.0,1.3,-0.1,2.3,4.5,4.998429775238037
2016-01-18,4.5,2.3,5.95,3.8,0.0,-0.9,-1.4,-1.2,1.9,4.0,1.3,-0.1,-2.1,5.2680253982543945
2016-01-19,-2.1,-0.1,5.4,4.5,3.8,0.0,-0.9,-1.4,-1.2,1.9,4.0,1.3,-2.6,3.991002321243286
2016-01-20,-2.6,1.3,5.63,-2.1,4.5,3.8,0.0,-0.9,-1.4,-1.2,1.9,4.0,-0.9,3.8856279850006095
2016-01-21,-0.9,4.0,6.16,-2.6,-2.1,4.5,3.8,0.0,-0.9,-1.4,-1.2,1.9,0.2,4.032820224761963
2016-01-22,0.2,1.9,5.5,-0.9,-2.6,-2.1,4.5,3.8,0.0,-0.9,-1.4,-1.2,-1.1,3.6949279308319087
2016-01-23,-1.1,-1.2,4.75,0.2,-0.9,-2.6,-2.1,4.5,3.8,0.0,-0.9,-1.4,-7.2,3.155434846878052
2016-01-24,-7.2,-1.4,4.35,-1.1,0.2,-0.9,-2.6,-2.1,4.5,3.8,0.0,-0.9,-9.7,2.116074800491333
2016-01-25,-9.7,-0.9,3.88,-7.2,-1.1,0.2,-0.9,-2.6,-2.1,4.5,3.8,0.0,-4.4,1.8343230485916135
2016-01-26,-4.4,0.0,4.0,-9.7,-7.2,-1.1,0.2,-0.9,-2.6,-2.1,4.5,3.8,-0.4,1.305585861206055
2016-01-27,-0.4,3.8,5.0,-4.4,-9.7,-7.2,-1.1,0.2,-0.9,-2.6,-2.1,4.5,2.0,2.051798820495605
2016-01-28,2.0,4.5,5.27,-0.4,-4.4,-9.7,-7.2,-1.1,0.2,-0.9,-2.6,-2.1,3.1,3.3084542751312256
2016-01-29,3.1,-2.1,3.99,2.0,-0.4,-4.4,-9.7,-7.2,-1.1,0.2,-0.9,-2.6,2.8,3.692028999328613
2016-01-30,2.8,-2.6,3.89,3.1,2.0,-0.4,-4.4,-9.7,-7.2,-1.1,0.2,-0.9,-0.1,3.3209846019744877
2016-02-01,-2.2,0.2,3.69,-0.1,2.8,3.1,2.0,-0.4,-4.4,-9.7,-7.2,-1.1,-2.9,2.612288475036621
2016-02-02,-2.9,-1.1,3.16,-2.2,-0.1,2.8,3.1,2.0,-0.4,-4.4,-9.7,-7.2,-0.7,2.533182382583618
2016-02-03,-0.7,-7.2,2.12,-2.9,-2.2,-0.1,2.8,3.1,2.0,-0.4,-4.4,-9.7,-0.1,2.51074481010437
2016-02-04,-0.1,-9.7,1.83,-0.7,-2.9,-2.2,-0.1,2.8,3.1,2.0,-0.4,-4.4,1.4,2.346827745437622
2016-02-05,1.4,-4.4,1.31,-0.1,-0.7,-2.9,-2.2,-0.1,2.8,3.1,2.0,-0.4,1.3,2.4478862285614014
2016-02-06,1.3,-0.4,2.05,1.4,-0.1,-0.7,-2.9,-2.2,-0.1,2.8,3.1,2.0,0.2,2.618910312652588
2016-02-07,0.2,2.0,3.31,1.3,1.4,-0.1,-0.7,-2.9,-2.2,-0.1,2.8,3.1,2.1,2.2734298706054688
2016-02-08,2.1,3.1,3.69,0.2,1.3,1.4,-0.1,-0.7,-2.9,-2.2,-0.1,2.8,5.0,2.657910823822021
2016-02-14,6.2,-0.1,2.35,10.6,11.7,10.1,7.6,5.0,2.1,0.2,1.3,1.4,0.8,6.805465221405028
2016-02-15,0.8,1.4,2.45,6.2,10.6,11.7,10.1,7.6,5.0,2.1,0.2,1.3,0.1,5.788647174835205
2016-02-16,0.1,1.3,2.62,0.8,6.2,10.6,11.7,10.1,7.6,5.0,2.1,0.2,2.6,5.610900402069092
2016-02-17,2.6,0.2,2.27,0.1,0.8,6.2,10.6,11.7,10.1,7.6,5.0,2.1,3.4,5.275724411010742
2016-02-18,3.4,2.1,2.66,2.6,0.1,0.8,6.2,10.6,11.7,10.1,7.6,5.0,6.7,5.852324962615968
2016-02-24,4.3,6.2,6.81,5.8,4.4,4.2,6.8,6.7,3.4,2.6,0.1,0.8,2.3,6.241575717926025
2016-02-25,2.3,0.8,5.79,4.3,5.8,4.4,4.2,6.8,6.7,3.4,2.6,0.1,5.4,6.0522942543029785
2016-02-26,5.4,0.1,5.61,2.3,4.3,5.8,4.4,4.2,6.8,6.7,3.4,2.6,8.5,6.765458583831787
2016-02-27,8.5,2.6,5.28,5.4,2.3,4.3,5.8,4.4,4.2,6.8,6.7,3.4,9.2,7.026449203491211
2016-02-28,9.2,3.4,5.85,8.5,5.4,2.3,4.3,5.8,4.4,4.2,6.8,6.7,5.5,7.836141586303711
2016-02-29,5.5,6.7,6.42,9.2,8.5,5.4,2.3,4.3,5.8,4.4,4.2,6.8,2.6,7.105374813079834
2016-03-01,2.6,6.8,6.45,5.5,9.2,8.5,5.4,2.3,4.3,5.8,4.4,4.2,5.3,6.7976746559143075
2016-03-02,5.3,4.2,6.36,2.6,5.5,9.2,8.5,5.4,2.3,4.3,5.8,4.4,9.2,7.209480285644531
2016-03-03,9.2,4.4,6.75,5.3,2.6,5.5,9.2,8.5,5.4,2.3,4.3,5.8,13.6,8.274185180664062
2016-03-04,13.6,5.8,6.5,9.2,5.3,2.6,5.5,9.2,8.5,5.4,2.3,4.3,13.8,9.577868461608887
2016-03-05,13.8,4.3,6.24,13.6,9.2,5.3,2.6,5.5,9.2,8.5,5.4,2.3,11.8,10.363375663757324
2016-03-06,11.8,2.3,6.05,13.8,13.6,9.2,5.3,2.6,5.5,9.2,8.5,5.4,10.2,10.10110855102539
2016-03-07,10.2,5.4,6.77,11.8,13.8,13.6,9.2,5.3,2.6,5.5,9.2,8.5,10.9,10.649577140808104
2016-03-08,10.9,8.5,7.03,10.2,11.8,13.8,13.6,9.2,5.3,2.6,5.5,9.2,5.0,10.43759059906006
2016-03-09,5.0,9.2,7.84,10.9,10.2,11.8,13.8,13.6,9.2,5.3,2.6,5.5,2.7,8.916062355041504
2016-03-10,2.7,5.5,7.11,5.0,10.9,10.2,11.8,13.8,13.6,9.2,5.3,2.6,3.8,8.483967781066895
2016-03-11,3.8,2.6,6.8,2.7,5.0,10.9,10.2,11.8,13.8,13.6,9.2,5.3,4.4,8.14604377746582
2016-03-12,4.4,5.3,7.21,3.8,2.7,5.0,10.9,10.2,11.8,13.8,13.6,9.2,7.4,8.329498291015625
2016-03-13,7.4,9.2,8.27,4.4,3.8,2.7,5.0,10.9,10.2,11.8,13.8,13.6,8.4,8.814794540405273
2016-03-14,8.4,13.6,9.58,7.4,4.4,3.8,2.7,5.0,10.9,10.2,11.8,13.8,7.1,8.804800987243652
2016-03-15,7.1,13.8,10.36,8.4,7.4,4.4,3.8,2.7,5.0,10.9,10.2,11.8,8.0,9.098188400268556
2016-03-16,8.0,11.8,10.1,7.1,8.4,7.4,4.4,3.8,2.7,5.0,10.9,10.2,9.4,9.254498481750488
2016-03-17,9.4,10.2,10.65,8.0,7.1,8.4,7.4,4.4,3.8,2.7,5.0,10.9,10.9,10.166727066040039
2016-03-18,10.9,10.9,10.44,9.4,8.0,7.1,8.4,7.4,4.4,3.8,2.7,5.0,13.3,10.524365425109863
2016-03-19,13.3,5.0,8.92,10.9,9.4,8.0,7.1,8.4,7.4,4.4,3.8,2.7,12.6,11.291484832763672
2016-03-20,12.6,2.7,8.48,13.3,10.9,9.4,8.0,7.1,8.4,7.4,4.4,3.8,9.4,11.759148597717285
2016-03-21,9.4,3.8,8.15,12.6,13.3,10.9,9.4,8.0,7.1,8.4,7.4,4.4,9.8,11.308486938476562
2016-03-22,9.8,4.4,8.33,9.4,12.6,13.3,10.9,9.4,8.0,7.1,8.4,7.4,9.8,11.607677459716795
2016-03-23,9.8,7.4,8.81,9.8,9.4,12.6,13.3,10.9,9.4,8.0,7.1,8.4,9.3,11.282099723815918
2016-03-24,9.3,8.4,8.8,9.8,9.8,9.4,12.6,13.3,10.9,9.4,8.0,7.1,6.5,9.001042366027832
2016-03-25,6.5,7.1,9.1,9.3,9.8,9.8,9.4,12.6,13.3,10.9,9.4,8.0,8.3,10.19077968597412
2016-03-26,8.3,8.0,9.25,6.5,9.3,9.8,9.8,9.4,12.6,13.3,10.9,9.4,7.9,10.585532188415527
2016-03-27,7.9,9.4,10.17,8.3,6.5,9.3,9.8,9.8,9.4,12.6,13.3,10.9,10.3,11.228317260742188
2016-03-28,10.3,10.9,10.52,7.9,8.3,6.5,9.3,9.8,9.8,9.4,12.6,13.3,13.5,11.974345207214355
2016-03-29,13.5,13.3,11.29,10.3,7.9,8.3,6.5,9.3,9.8,9.8,9.4,12.6,15.5,14.733139991760256
2016-03-30,15.5,12.6,11.76,13.5,10.3,7.9,8.3,6.5,9.3,9.8,9.8,9.4,15.2,15.407137870788574
2016-04-03,16.2,9.3,9.0,17.4,15.7,15.2,15.5,13.5,10.3,7.9,8.3,6.5,10.2,16.83506965637207
2016-04-04,10.2,6.5,10.19,16.2,17.4,15.7,15.2,15.5,13.5,10.3,7.9,8.3,11.7,13.97623348236084
2016-04-05,11.7,8.3,10.59,10.2,16.2,17.4,15.7,15.2,15.5,13.5,10.3,7.9,13.5,15.219985961914062
2016-04-06,13.5,7.9,11.23,11.7,10.2,16.2,17.4,15.7,15.2,15.5,13.5,10.3,8.6,14.860957145690918
2016-04-07,8.6,10.3,11.97,13.5,11.7,10.2,16.2,17.4,15.7,15.2,15.5,13.5,13.4,14.284375190734865
2016-04-08,13.4,13.5,14.73,8.6,13.5,11.7,10.2,16.2,17.4,15.7,15.2,15.5,17.1,15.579707145690918
2016-04-09,17.1,15.5,15.41,13.4,8.6,13.5,11.7,10.2,16.2,17.4,15.7,15.2,19.2,16.984992980957028
2016-04-15,20.3,11.7,15.22,18.7,16.3,14.5,19.9,19.2,17.1,13.4,8.6,13.5,18.5,20.69517707824707
2016-04-16,18.5,13.5,14.86,20.3,18.7,16.3,14.5,19.9,19.2,17.1,13.4,8.6,15.7,20.660415649414066
2016-04-18,13.8,13.4,15.58,15.7,18.5,20.3,18.7,16.3,14.5,19.9,19.2,17.1,15.0,17.786806106567386
2016-04-19,15.0,17.1,16.98,13.8,15.7,18.5,20.3,18.7,16.3,14.5,19.9,19.2,18.2,18.33499336242676
2016-04-25,16.8,20.3,20.7,17.1,20.8,17.9,15.1,18.2,15.0,13.8,15.7,18.5,16.2,19.2419376373291
2016-04-26,16.2,18.5,20.66,16.8,17.1,20.8,17.9,15.1,18.2,15.0,13.8,15.7,13.8,19.11149787902832
2016-04-28,13.9,13.8,17.79,13.8,16.2,16.8,17.1,20.8,17.9,15.1,18.2,15.0,17.1,18.02102470397949
2016-04-30,18.0,18.2,19.02,17.1,13.9,13.8,16.2,16.8,17.1,20.8,17.9,15.1,21.1,20.29949951171875
2016-05-03,22.4,20.8,20.25,23.5,21.1,18.0,17.1,13.9,13.8,16.2,16.8,17.1,17.7,21.04081916809082
2016-05-04,17.7,17.1,19.44,22.4,23.5,21.1,18.0,17.1,13.9,13.8,16.2,16.8,21.6,20.96280860900879
2016-05-05,21.6,16.8,19.24,17.7,22.4,23.5,21.1,18.0,17.1,13.9,13.8,16.2,23.5,22.233062744140625
2016-05-13,21.7,22.4,21.04,19.7,15.6,16.8,15.6,17.8,21.7,23.5,21.6,17.7,16.9,21.75489997863769
2016-05-14,16.9,17.7,20.96,21.7,19.7,15.6,16.8,15.6,17.8,21.7,23.5,21.6,18.1,20.77284049987793
2016-05-23,18.4,21.7,21.75,16.6,20.9,18.8,20.1,19.7,17.7,15.5,18.1,16.9,17.5,20.057252883911133
2016-05-28,17.4,19.7,20.83,22.8,22.4,20.8,17.5,18.4,16.6,20.9,18.8,20.1,17.4,21.02766227722168
2016-05-30,19.9,18.8,21.36,17.4,17.4,22.8,22.4,20.8,17.5,18.4,16.6,20.9,21.3,20.697378158569336
2016-06-01,21.4,16.6,20.47,21.3,19.9,17.4,17.4,22.8,22.4,20.8,17.5,18.4,21.4,21.61446952819824
2016-06-02,21.4,18.4,20.06,21.4,21.3,19.9,17.4,17.4,22.8,22.4,20.8,17.5,19.4,21.874961853027344
2016-06-04,19.8,20.8,21.22,19.4,21.4,21.4,21.3,19.9,17.4,17.4,22.8,22.4,16.9,20.949268341064453
2016-06-14,23.3,19.8,20.95,25.2,24.5,22.7,22.0,22.2,21.9,21.8,19.6,16.9,25.7,31.04787635803223
2016-06-15,25.7,16.9,20.55,23.3,25.2,24.5,22.7,22.0,22.2,21.9,21.8,19.6,24.7,28.09724998474121
2016-06-16,24.7,19.6,21.45,25.7,23.3,25.2,24.5,22.7,22.0,22.2,21.9,21.8,24.3,27.91565132141113
2016-06-18,27.2,21.9,21.92,24.3,24.7,25.7,23.3,25.2,24.5,22.7,22.0,22.2,27.6,31.66674041748047
2016-06-26,24.9,24.7,27.92,24.6,25.6,27.6,24.8,28.8,28.8,27.6,27.2,24.3,25.0,30.957693099975586
2016-06-27,25.0,24.3,28.61,24.9,24.6,25.6,27.6,24.8,28.8,28.8,27.6,27.2,21.1,29.50673866271973
2016-06-28,21.1,27.2,31.67,25.0,24.9,24.6,25.6,27.6,24.8,28.8,28.8,27.6,22.4,27.06589317321777
2016-06-30,25.5,28.8,30.98,22.4,21.1,25.0,24.9,24.6,25.6,27.6,24.8,28.8,28.6,28.307092666625977
2016-07-02,23.4,24.8,30.92,28.6,25.5,22.4,21.1,25.0,24.9,24.6,25.6,27.6,24.6,28.20557403564453
2016-07-06,22.7,24.9,30.96,22.5,24.3,24.6,23.4,28.6,25.5,22.4,21.1,25.0,23.8,29.09087181091309
2016-07-07,23.8,25.0,29.51,22.7,22.5,24.3,24.6,23.4,28.6,25.5,22.4,21.1,25.3,29.06261444091797
2016-07-08,25.3,21.1,27.07,23.8,22.7,22.5,24.3,24.6,23.4,28.6,25.5,22.4,27.0,30.775766372680664
2016-07-10,25.8,25.5,28.31,27.0,25.3,23.8,22.7,22.5,24.3,24.6,23.4,28.6,25.5,29.62985420227051
2016-07-12,25.2,23.4,28.21,25.5,25.8,27.0,25.3,23.8,22.7,22.5,24.3,24.6,27.1,29.74015998840332
2016-07-13,27.1,24.6,28.83,25.2,25.5,25.8,27.0,25.3,23.8,22.7,22.5,24.3,26.0,30.26486778259277
2016-07-14,26.0,24.3,29.31,27.1,25.2,25.5,25.8,27.0,25.3,23.8,22.7,22.5,25.9,30.66419982910156
2016-07-15,25.9,22.5,28.71,26.0,27.1,25.2,25.5,25.8,27.0,25.3,23.8,22.7,24.9,29.86330223083496
2016-07-16,24.9,22.7,29.09,25.9,26.0,27.1,25.2,25.5,25.8,27.0,25.3,23.8,23.9,29.49259185791016
2016-07-17,23.9,23.8,29.06,24.9,25.9,26.0,27.1,25.2,25.5,25.8,27.0,25.3,26.7,29.870744705200195
2016-07-18,26.7,25.3,30.78,23.9,24.9,25.9,26.0,27.1,25.2,25.5,25.8,27.0,27.5,30.230209350585934
2016-07-19,27.5,27.0,29.31,26.7,23.9,24.9,25.9,26.0,27.1,25.2,25.5,25.8,27.4,30.42892646789551
2016-07-20,27.4,25.8,29.63,27.5,26.7,23.9,24.9,25.9,26.0,27.1,25.2,25.5,30.3,31.527143478393555
2016-07-21,30.3,25.5,29.21,27.4,27.5,26.7,23.9,24.9,25.9,26.0,27.1,25.2,30.5,32.35768508911133
2016-07-22,30.5,25.2,29.74,30.3,27.4,27.5,26.7,23.9,24.9,25.9,26.0,27.1,30.9,31.695816040039066
2016-07-23,30.9,27.1,30.26,30.5,30.3,27.4,27.5,26.7,23.9,24.9,25.9,26.0,31.6,32.156360626220696
2016-07-24,31.6,26.0,30.66,30.9,30.5,30.3,27.4,27.5,26.7,23.9,24.9,25.9,31.8,34.427112579345696
2016-07-25,31.8,25.9,29.86,31.6,30.9,30.5,30.3,27.4,27.5,26.7,23.9,24.9,32.3,33.227405548095696
2016-07-26,32.3,24.9,29.49,31.8,31.6,30.9,30.5,30.3,27.4,27.5,26.7,23.9,30.9,33.583301544189446
2016-07-27,30.9,23.9,29.87,32.3,31.8,31.6,30.9,30.5,30.3,27.4,27.5,26.7,29.4,33.58074951171875
2016-07-28,29.4,26.7,30.23,30.9,32.3,31.8,31.6,30.9,30.5,30.3,27.4,27.5,31.4,33.91150283813477
2016-07-29,31.4,27.5,30.43,29.4,30.9,32.3,31.8,31.6,30.9,30.5,30.3,27.4,32.1,34.39817428588867
2016-07-30,32.1,27.4,31.53,31.4,29.4,30.9,32.3,31.8,31.6,30.9,30.5,30.3,32.0,35.87594985961914
2016-07-31,32.0,30.3,32.36,32.1,31.4,29.4,30.9,32.3,31.8,31.6,30.9,30.5,30.3,35.81953430175781
2016-08-01,30.3,30.5,31.7,32.0,32.1,31.4,29.4,30.9,32.3,31.8,31.6,30.9,30.1,34.62437057495117
2016-08-02,30.1,30.9,32.16,30.3,32.0,32.1,31.4,29.4,30.9,32.3,31.8,31.6,29.0,34.565597534179695
2016-08-03,29.0,31.6,34.43,30.1,30.3,32.0,32.1,31.4,29.4,30.9,32.3,31.8,26.5,34.40374755859375
2016-08-04,26.5,31.8,33.23,29.0,30.1,30.3,32.0,32.1,31.4,29.4,30.9,32.3,27.3,33.32271194458008
2016-08-05,27.3,32.3,33.58,26.5,29.0,30.1,30.3,32.0,32.1,31.4,29.4,30.9,27.2,34.04995346069336
2016-08-06,27.2,30.9,33.58,27.3,26.5,29.0,30.1,30.3,32.0,32.1,31.4,29.4,27.8,33.228721618652344
2016-08-08,28.7,31.4,34.4,27.8,27.2,27.3,26.5,29.0,30.1,30.3,32.0,32.1,28.9,32.985801696777344
2016-08-09,28.9,32.1,35.88,28.7,27.8,27.2,27.3,26.5,29.0,30.1,30.3,32.0,28.9,33.111831665039055
2016-08-10,28.9,32.0,35.82,28.9,28.7,27.8,27.2,27.3,26.5,29.0,30.1,30.3,28.9,33.171981811523445
2016-08-11,28.9,30.3,34.62,28.9,28.9,28.7,27.8,27.2,27.3,26.5,29.0,30.1,30.4,34.288867950439446
2016-08-12,30.4,30.1,34.57,28.9,28.9,28.9,28.7,27.8,27.2,27.3,26.5,29.0,29.8,33.45214462280273
2016-08-14,30.6,26.5,33.32,29.8,30.4,28.9,28.9,28.9,28.7,27.8,27.2,27.3,30.8,34.179920196533196
2016-08-15,30.8,27.3,34.05,30.6,29.8,30.4,28.9,28.9,28.9,28.7,27.8,27.2,29.6,34.437000274658196
2016-08-16,29.6,27.2,33.23,30.8,30.6,29.8,30.4,28.9,28.9,28.9,28.7,27.8,28.7,35.49342727661133
2016-08-18,28.4,28.7,32.99,28.7,29.6,30.8,30.6,29.8,30.4,28.9,28.9,28.9,28.6,34.400623321533196
2016-08-19,28.6,28.9,33.11,28.4,28.7,29.6,30.8,30.6,29.8,30.4,28.9,28.9,30.8,34.636260986328125
2016-08-20,30.8,28.9,33.17,28.6,28.4,28.7,29.6,30.8,30.6,29.8,30.4,28.9,28.4,34.872852325439446
2016-08-21,28.4,28.9,34.29,30.8,28.6,28.4,28.7,29.6,30.8,30.6,29.8,30.4,27.8,34.16445541381836
2016-08-22,27.8,30.4,33.45,28.4,30.8,28.6,28.4,28.7,29.6,30.8,30.6,29.8,28.5,34.284072875976555
2016-08-24,27.7,30.6,34.18,28.5,27.8,28.4,30.8,28.6,28.4,28.7,29.6,30.8,27.4,33.827625274658196
2016-08-25,27.4,30.8,34.44,27.7,28.5,27.8,28.4,30.8,28.6,28.4,28.7,29.6,27.2,34.07932662963867
2016-08-26,27.2,29.6,35.49,27.4,27.7,28.5,27.8,28.4,30.8,28.6,28.4,28.7,22.1,33.39682388305664
2016-08-27,22.1,28.7,34.47,27.2,27.4,27.7,28.5,27.8,28.4,30.8,28.6,28.4,22.2,55.69966125488281
2016-08-28,22.2,28.4,34.4,22.1,27.2,27.4,27.7,28.5,27.8,28.4,30.8,28.6,23.0,55.63905715942383
2016-08-29,23.0,28.6,34.64,22.2,22.1,27.2,27.4,27.7,28.5,27.8,28.4,30.8,22.9,56.02228164672852
2016-08-30,22.9,30.8,34.87,23.0,22.2,22.1,27.2,27.4,27.7,28.5,27.8,28.4,23.1,66.3076171875
2016-08-31,23.1,28.4,34.16,22.9,23.0,22.2,22.1,27.2,27.4,27.7,28.5,27.8,24.2,33.54574203491211
2016-09-01,24.2,27.8,34.28,23.1,22.9,23.0,22.2,22.1,27.2,27.4,27.7,28.5,25.1,66.73821258544922
2016-09-02,25.1,28.5,34.25,24.2,23.1,22.9,23.0,22.2,22.1,27.2,27.4,27.7,24.4,66.28057098388672
2016-09-03,24.4,27.7,33.83,25.1,24.2,23.1,22.9,23.0,22.2,22.1,27.2,27.4,25.4,44.146881103515625
2016-09-04,25.4,27.4,34.08,24.4,25.1,24.2,23.1,22.9,23.0,22.2,22.1,27.2,24.7,43.39114379882813
2016-09-05,24.7,27.2,33.4,25.4,24.4,25.1,24.2,23.1,22.9,23.0,22.2,22.1,24.6,66.14525604248047
2016-09-06,24.6,22.1,55.7,24.7,25.4,24.4,25.1,24.2,23.1,22.9,23.0,22.2,24.1,66.17715454101561
2016-09-07,24.1,22.2,55.64,24.6,24.7,25.4,24.4,25.1,24.2,23.1,22.9,23.0,23.2,31.69624328613281
2016-09-08,23.2,23.0,56.02,24.1,24.6,24.7,25.4,24.4,25.1,24.2,23.1,22.9,24.1,66.51241302490234
2016-09-09,24.1,22.9,66.31,23.2,24.1,24.6,24.7,25.4,24.4,25.1,24.2,23.1,25.4,55.32089233398438
2016-09-10,25.4,23.1,33.55,24.1,23.2,24.1,24.6,24.7,25.4,24.4,25.1,24.2,25.1,66.19979858398439
2016-09-11,25.1,24.2,66.74,25.4,24.1,23.2,24.1,24.6,24.7,25.4,24.4,25.1,24.3,66.47783660888672
2016-09-12,24.3,25.1,66.28,25.1,25.4,24.1,23.2,24.1,24.6,24.7,25.4,24.4,23.5,55.09835433959961
2016-09-14,23.8,25.4,43.39,23.5,24.3,25.1,25.4,24.1,23.2,24.1,24.6,24.7,24.0,32.743316650390625
2016-09-15,24.0,24.7,66.15,23.8,23.5,24.3,25.1,25.4,24.1,23.2,24.1,24.6,22.9,63.79007339477539
2016-09-17,21.7,24.1,31.7,22.9,24.0,23.8,23.5,24.3,25.1,25.4,24.1,23.2,22.9,65.57834625244139
2016-09-18,22.9,23.2,66.51,21.7,22.9,24.0,23.8,23.5,24.3,25.1,25.4,24.1,21.8,53.90111923217773
2016-09-19,21.8,24.1,55.32,22.9,21.7,22.9,24.0,23.8,23.5,24.3,25.1,25.4,19.9,37.08281326293945
2016-09-20,19.9,25.4,66.2,21.8,22.9,21.7,22.9,24.0,23.8,23.5,24.3,25.1,19.0,65.47788238525389
2016-09-21,19.0,25.1,66.48,19.9,21.8,22.9,21.7,22.9,24.0,23.8,23.5,24.3,18.9,85.0
2016-09-22,18.9,24.3,55.1,19.0,19.9,21.8,22.9,21.7,22.9,24.0,23.8,23.5,20.4,53.99813842773438
2016-09-24,21.4,23.8,32.74,20.4,18.9,19.0,19.9,21.8,22.9,21.7,22.9,24.0,22.5,62.3300895690918
2016-09-25,22.5,24.0,63.79,21.4,20.4,18.9,19.0,19.9,21.8,22.9,21.7,22.9,22.3,48.12958145141602
2016-09-29,20.78,21.8,37.08,20.78,20.78,22.3,22.5,21.4,20.4,18.9,19.0,19.9,,64.17495727539061
2016-09-30,20.63,19.9,65.48,20.63,20.63,20.63,22.3,22.5,21.4,20.4,18.9,19.0,,64.57680511474611
2016-10-18,16.9,16.84,64.61,17.7,16.7,18.0,17.0,17.1,16.84,15.4,14.8,18.0,17.8,20.88568687438965
2016-10-19,17.8,18.0,32.59,16.9,17.7,16.7,18.0,17.0,17.1,16.94,15.4,14.8,18.9,20.804088592529297
2016-10-20,18.9,14.8,29.34,17.8,16.9,17.7,16.7,18.0,17.0,17.1,17.03,15.4,17.0,21.005401611328125
2016-10-21,17.0,15.4,24.74,18.9,17.8,16.9,17.7,16.7,18.0,17.0,17.1,17.25,17.9,20.538272857666016
2016-10-24,13.5,17.0,19.52,18.6,17.9,17.0,18.9,17.8,16.9,17.7,16.7,18.0,,19.799304962158203
2016-10-27,15.2,17.7,19.1,14.0,16.75,13.5,18.6,17.9,17.0,18.9,17.8,16.9,15.9,19.169328689575195
2016-10-31,10.8,17.0,20.54,15.09,12.9,15.9,15.2,14.0,15.09,13.5,18.6,17.9,10.6,17.86631965637207
2016-11-03,8.1,13.5,19.8,6.8,10.6,10.8,11.98,12.9,15.9,15.2,14.0,11.98,9.9,16.432062149047848
2016-11-04,9.9,11.58,19.41,8.1,6.8,10.6,10.8,11.58,12.9,15.9,15.2,14.0,13.2,16.516973495483402
2016-11-05,13.2,14.0,19.38,9.9,8.1,6.8,10.6,10.8,11.74,12.9,15.9,15.2,14.7,16.905900955200195
2016-11-06,14.7,15.2,19.17,13.2,9.9,8.1,6.8,10.6,10.8,11.81,12.9,15.9,15.2,17.46103286743164
2016-11-10,7.2,10.8,17.87,7.1,13.3,15.2,14.7,13.2,9.9,8.1,6.8,10.6,8.9,16.032676696777347
2016-11-11,8.9,10.6,17.0,7.2,7.1,13.3,15.2,14.7,13.2,9.9,8.1,6.8,12.6,15.676735877990724
2016-11-14,13.0,9.9,16.52,12.6,12.6,8.9,7.2,7.1,13.3,15.2,14.7,13.2,12.9,16.592592239379886
2016-11-16,11.3,14.7,17.46,12.9,13.0,12.6,12.6,8.9,7.2,7.1,13.3,15.2,11.3,16.55628776550293
2016-11-18,13.9,13.3,17.29,11.3,11.3,12.9,13.0,12.6,12.6,8.9,7.2,7.1,14.6,16.976814270019528
2016-11-20,15.3,7.2,16.03,14.6,13.9,11.3,11.3,12.9,13.0,12.6,12.6,8.9,13.7,17.450693130493164
2016-11-21,13.7,8.9,15.68,15.3,14.6,13.9,11.3,11.3,12.9,13.0,12.6,12.6,11.9,17.10019302368164
2016-11-24,-1.2,13.0,16.59,1.7,11.9,13.7,15.3,14.6,13.9,11.3,11.3,12.9,-0.3,13.39004611968994
2016-11-26,2.4,11.3,16.56,-0.3,-1.2,1.7,11.9,13.7,15.3,14.6,13.9,11.3,4.5,12.232562065124512
2016-11-28,5.4,13.9,16.98,4.5,2.4,-0.3,-1.2,1.7,11.9,13.7,15.3,14.6,5.5,12.23456859588623
2016-11-30,6.2,15.3,17.45,5.5,5.4,4.5,2.4,-0.3,-1.2,1.7,11.9,13.7,7.8,12.6402006149292
2016-12-01,7.8,13.7,17.1,6.2,5.5,5.4,4.5,2.4,-0.3,-1.2,1.7,11.9,7.1,12.75844955444336
2016-12-02,7.1,11.9,16.55,7.8,6.2,5.5,5.4,4.5,2.4,-0.3,-1.2,1.7,6.2,12.627894401550293
2016-12-07,3.2,4.5,12.11,8.6,10.2,7.5,6.2,7.1,7.8,6.2,5.5,5.4,5.5,12.413155555725098
2016-12-08,5.5,5.4,12.23,3.2,8.6,10.2,7.5,6.2,7.1,7.8,6.2,5.5,8.1,12.3761568069458
2016-12-12,5.0,7.1,12.63,5.8,5.7,8.1,5.5,3.2,8.6,10.2,7.5,6.2,9.2,12.235031127929688
2016-12-24,1.6,7.1,12.12,6.1,7.9,8.4,6.6,5.6,5.1,1.5,1.0,1.1,2.7,10.856558799743652
2016-12-25,2.7,1.1,11.24,1.6,6.1,7.9,8.4,6.6,5.6,5.1,1.5,1.0,6.1,11.032099723815918
2016-12-29,0.4,5.6,10.87,0.7,5.4,6.1,2.7,1.6,6.1,7.9,8.4,6.6,0.2,9.5398530960083
2017-01-03,8.0,1.6,10.86,4.3,2.4,1.2,0.2,0.4,0.7,5.4,6.1,2.7,,9.987421989440918
2017-01-22,0.3,1.97,15.23,-1.6,4.5,3.9,2.8,1.3,0.8,0.7,2.5,4.5,-1.1,10.831581115722656
2017-01-23,-1.1,4.5,10.04,0.3,-1.6,4.5,3.9,2.8,1.3,0.8,0.7,2.5,-0.1,7.404182910919189
2017-01-26,3.5,0.8,9.11,1.6,-0.1,-1.1,0.3,-1.6,4.5,3.9,2.8,1.3,5.7,3.460110902786255
2017-01-27,5.7,1.3,9.0,3.5,1.6,-0.1,-1.1,0.3,-1.6,4.5,3.9,2.8,5.2,4.509359359741211
2017-01-28,5.2,2.8,9.42,5.7,3.5,1.6,-0.1,-1.1,0.3,-1.6,4.5,3.9,4.0,4.5457072257995605
2017-01-30,4.5,4.5,18.72,4.0,5.2,5.7,3.5,1.6,-0.1,-1.1,0.3,-1.6,-1.1,3.898747444152832
2017-02-01,-0.6,0.3,10.83,-1.1,4.5,4.0,5.2,5.7,3.5,1.6,-0.1,-1.1,0.7,3.5059659481048584
2017-02-03,0.8,-0.1,3.01,0.7,-0.6,-1.1,4.5,4.0,5.2,5.7,3.5,1.6,3.3,3.3918402194976807
2017-02-04,3.3,1.6,3.11,0.8,0.7,-0.6,-1.1,4.5,4.0,5.2,5.7,3.5,4.8,3.635258913040161
2017-02-06,5.7,5.7,4.51,4.8,3.3,0.8,0.7,-0.6,-1.1,4.5,4.0,5.2,3.7,4.233680725097656
2017-02-07,3.7,5.2,4.55,5.7,4.8,3.3,0.8,0.7,-0.6,-1.1,4.5,4.0,1.6,4.056234359741212
2017-02-09,0.6,4.5,3.9,1.6,3.7,5.7,4.8,3.3,0.8,0.7,-0.6,-1.1,0.7,3.5325756072998047
2017-02-10,0.7,-1.1,3.16,0.6,1.6,3.7,5.7,4.8,3.3,0.8,0.7,-0.6,0.5,3.425946950912476
2017-02-11,0.5,-0.6,3.51,0.7,0.6,1.6,3.7,5.7,4.8,3.3,0.8,0.7,0.9,3.451420545578003
2017-02-13,4.0,0.8,3.39,0.9,0.5,0.7,0.6,1.6,3.7,5.7,4.8,3.3,6.8,4.1100449562072745
2017-02-14,6.8,3.3,3.64,4.0,0.9,0.5,0.7,0.6,1.6,3.7,5.7,4.8,6.9,4.690657615661621
2017-02-16,9.2,5.7,4.23,6.9,6.8,4.0,0.9,0.5,0.7,0.6,1.6,3.7,10.7,6.447553634643555
2017-02-17,10.7,3.7,4.06,9.2,6.9,6.8,4.0,0.9,0.5,0.7,0.6,1.6,5.5,6.7174739837646475
2017-02-20,11.2,0.7,3.43,5.6,5.5,10.7,9.2,6.9,6.8,4.0,0.9,0.5,5.3,7.875629901885986
2017-02-21,5.3,0.5,3.45,11.2,5.6,5.5,10.7,9.2,6.9,6.8,4.0,0.9,2.8,8.093214988708496
2017-02-22,2.8,0.9,3.53,5.3,11.2,5.6,5.5,10.7,9.2,6.9,6.8,4.0,2.3,6.5432448387146
2017-02-23,2.3,4.0,4.11,2.8,5.3,11.2,5.6,5.5,10.7,9.2,6.9,6.8,2.6,5.777651309967041
2017-02-25,4.6,6.9,5.31,2.6,2.3,2.8,5.3,11.2,5.6,5.5,10.7,9.2,6.4,5.728714466094972
2017-02-26,6.4,9.2,6.45,4.6,2.6,2.3,2.8,5.3,11.2,5.6,5.5,10.7,7.4,6.2226929664611825
2017-02-27,7.4,10.7,6.72,6.4,4.6,2.6,2.3,2.8,5.3,11.2,5.6,5.5,7.4,6.550792694091798
2017-03-02,8.6,11.2,7.88,10.5,7.4,7.4,6.4,4.6,2.6,2.3,2.8,5.3,4.6,7.747806072235107
2017-03-03,4.6,5.3,8.09,8.6,10.5,7.4,7.4,6.4,4.6,2.6,2.3,2.8,8.2,7.5095648765563965
2017-03-07,5.1,4.6,5.73,9.5,9.0,8.2,4.6,8.6,10.5,7.4,7.4,6.4,5.5,8.088005065917969
2017-03-08,5.5,6.4,6.22,5.1,9.5,9.0,8.2,4.6,8.6,10.5,7.4,7.4,5.2,7.9200119972229
2017-03-09,5.2,7.4,6.55,5.5,5.1,9.5,9.0,8.2,4.6,8.6,10.5,7.4,8.7,8.097995758056639
2017-03-10,8.7,7.4,7.24,5.2,5.5,5.1,9.5,9.0,8.2,4.6,8.6,10.5,11.2,8.696133613586426
2017-03-13,11.3,4.6,7.51,13.1,11.2,8.7,5.2,5.5,5.1,9.5,9.0,8.2,,9.952936172485352
2017-03-16,8.5,9.5,8.33,7.4,8.55,11.3,13.1,11.2,8.7,5.2,5.5,5.1,9.0,9.814837455749512
2017-03-17,9.0,5.1,8.09,8.5,7.4,8.5,11.3,13.1,11.2,8.7,5.2,5.5,9.5,9.5823392868042
2017-03-20,10.7,8.7,8.7,10.5,9.5,9.0,8.5,7.4,9.99,11.3,13.1,11.2,7.4,10.069066047668457
2017-03-24,7.8,8.7,8.98,7.6,8.6,7.4,10.7,10.5,9.5,9.0,8.5,7.4,8.0,9.339173316955566
2017-03-27,9.7,9.0,9.58,9.7,8.0,7.8,7.6,8.6,7.4,10.7,10.5,9.5,,9.677114486694336
2017-03-30,9.8,10.7,10.07,11.5,9.08,9.7,9.7,8.0,7.8,7.6,8.6,7.4,10.4,11.075032234191896
2017-03-31,10.4,7.4,9.47,9.8,11.5,9.05,9.7,9.7,8.0,7.8,7.6,8.6,10.1,10.674099922180176
2017-04-01,10.1,8.6,9.93,10.4,9.8,11.5,9.32,9.7,9.7,8.0,7.8,7.6,11.6,10.628677368164062
2017-04-06,14.7,9.7,9.68,15.6,17.9,14.9,11.6,10.1,10.4,9.8,11.5,12.62,15.0,13.495327949523926
2017-04-07,15.0,13.15,10.79,14.7,15.6,17.9,14.9,11.6,10.1,10.4,9.8,11.5,14.3,13.563526153564453
2017-04-09,14.9,9.8,11.08,14.3,15.0,14.7,15.6,17.9,14.9,11.6,10.1,10.4,12.0,13.99701690673828
2017-04-10,12.0,10.4,10.67,14.9,14.3,15.0,14.7,15.6,17.9,14.9,11.6,10.1,9.1,13.35041046142578
2017-04-11,9.1,10.1,10.63,12.0,14.9,14.3,15.0,14.7,15.6,17.9,14.9,11.6,12.5,12.632118225097654
2017-04-17,22.2,15.0,13.56,20.9,18.8,16.5,14.9,12.5,9.1,12.0,14.9,14.3,19.1,17.280397415161133
2017-04-19,16.09,14.9,14.0,19.1,22.2,20.9,18.8,16.5,14.9,12.5,9.1,12.0,18.5,17.34368896484375
2017-04-20,18.5,12.0,13.35,16.45,19.1,22.2,20.9,18.8,16.5,14.9,12.5,9.1,16.5,17.85285758972168
2017-04-22,15.0,12.5,13.31,16.5,18.5,17.49,19.1,22.2,20.9,18.8,16.5,14.9,14.0,17.259767532348633
2017-04-27,14.8,22.2,17.28,18.6,19.5,17.4,14.0,15.0,16.5,18.5,17.56,19.1,15.3,17.590200424194336
2017-04-28,15.3,19.1,17.53,14.8,18.6,19.5,17.4,14.0,15.0,16.5,18.5,16.87,18.7,18.2337589263916
2017-05-02,23.5,15.0,17.26,22.4,21.2,18.7,15.3,14.8,18.6,19.5,17.4,14.0,21.0,20.41253089904785
2017-05-04,18.9,17.4,17.75,21.0,23.5,22.4,21.2,18.7,15.3,14.8,18.6,19.5,17.1,19.745912551879886
2017-05-05,17.1,19.5,18.51,18.9,21.0,23.5,22.4,21.2,18.7,15.3,14.8,18.6,19.8,19.248767852783203
2017-05-06,19.8,18.6,18.02,17.1,18.9,21.0,23.5,22.4,21.2,18.7,15.3,14.8,19.0,19.76409339904785
2017-05-07,19.0,14.8,17.59,19.8,17.1,18.9,21.0,23.5,22.4,21.2,18.7,15.3,19.4,19.774826049804688
2017-05-08,19.4,15.3,18.23,19.0,19.8,17.1,18.9,21.0,23.5,22.4,21.2,18.7,16.2,20.53593635559082
2017-05-11,19.25,22.4,20.03,15.2,16.2,19.4,19.0,19.8,17.1,18.9,21.0,23.5,,20.192535400390625
2017-05-12,18.9,23.5,20.41,18.9,15.2,16.2,19.4,19.0,19.8,17.1,18.9,21.0,22.5,20.246795654296875
2017-05-15,20.0,17.1,19.25,23.3,22.5,19.17,19.17,15.2,16.2,19.4,19.0,19.8,19.3,21.24270820617676
2017-05-16,19.3,19.8,19.76,20.0,23.3,22.5,19.41,19.41,15.2,16.2,19.4,19.0,20.0,20.67307472229004
2017-05-17,20.0,19.0,19.77,19.3,20.0,23.3,22.5,19.43,19.43,15.2,16.2,19.4,22.1,21.25132751464844
2017-05-18,22.1,19.4,20.54,20.0,19.3,20.0,23.3,22.5,19.78,19.78,15.2,16.2,23.2,21.747365951538086
2017-05-19,23.2,16.2,18.98,22.1,20.0,19.3,20.0,23.3,22.5,20.2,20.2,15.2,24.2,22.397003173828125
2017-05-20,24.2,15.2,18.82,23.2,22.1,20.0,19.3,20.0,23.3,22.5,21.09,21.09,23.1,22.33140754699707
2017-05-21,23.1,21.97,20.19,24.2,23.2,22.1,20.0,19.3,20.0,23.3,22.5,21.97,23.0,22.933364868164066
2017-05-22,23.0,22.07,20.25,23.1,24.2,23.2,22.1,20.0,19.3,20.0,23.3,22.5,24.2,22.945327758789066
2017-05-25,18.8,20.0,21.24,19.7,24.2,23.0,23.1,24.2,23.2,22.1,20.0,19.3,22.4,22.281219482421875
2017-05-26,22.4,19.3,20.67,18.8,19.7,24.2,23.0,23.1,24.2,23.2,22.1,20.0,21.7,22.729278564453125
2017-05-27,21.7,20.0,21.25,22.4,18.8,19.7,24.2,23.0,23.1,24.2,23.2,22.1,25.6,23.207260131835934
2017-05-28,25.6,22.1,21.75,21.7,22.4,18.8,19.7,24.2,23.0,23.1,24.2,23.2,27.5,24.117218017578125
2017-05-29,27.5,23.2,22.4,25.6,21.7,22.4,18.8,19.7,24.2,23.0,23.1,24.2,27.1,24.75119972229004
2017-05-30,27.1,24.2,22.33,27.5,25.6,21.7,22.4,18.8,19.7,24.2,23.0,23.1,26.3,25.255189895629886
2017-05-31,26.3,23.1,22.93,27.1,27.5,25.6,21.7,22.4,18.8,19.7,24.2,23.0,26.5,25.457338333129886
2017-06-01,26.5,23.0,22.95,26.3,27.1,27.5,25.6,21.7,22.4,18.8,19.7,24.2,27.5,26.1582088470459
2017-06-02,27.5,24.2,23.51,26.5,26.3,27.1,27.5,25.6,21.7,22.4,18.8,19.7,25.8,26.024999618530273
2017-06-03,25.8,19.7,22.02,27.5,26.5,26.3,27.1,27.5,25.6,21.7,22.4,18.8,23.0,26.05396270751953
2017-06-04,23.0,18.8,22.28,25.8,27.5,26.5,26.3,27.1,27.5,25.6,21.7,22.4,21.2,25.43298530578613
2017-06-05,21.2,22.4,22.73,23.0,25.8,27.5,26.5,26.3,27.1,27.5,25.6,21.7,18.6,24.65367889404297
2017-06-06,18.6,21.7,23.21,21.2,23.0,25.8,27.5,26.5,26.3,27.1,27.5,25.6,18.8,23.389631271362305
2017-06-07,18.8,25.6,24.12,18.6,21.2,23.0,25.8,27.5,26.5,26.3,27.1,27.5,21.3,22.80686378479004
2017-06-08,21.3,27.5,24.75,18.8,18.6,21.2,23.0,25.8,27.5,26.5,26.3,27.1,,23.431739807128906
2017-06-09,23.61,27.1,25.26,21.3,18.8,18.6,21.2,23.0,25.8,27.5,26.5,26.3,26.6,23.93644142150879
2017-06-10,26.6,26.3,25.46,23.56,21.3,18.8,18.6,21.2,23.0,25.8,27.5,26.5,23.5,25.104766845703125
2017-06-11,23.5,26.5,26.16,26.6,23.28,21.3,18.8,18.6,21.2,23.0,25.8,27.5,23.1,25.63906288146973
2017-06-12,23.1,27.5,26.02,23.5,26.6,22.94,21.3,18.8,18.6,21.2,23.0,25.8,,24.58289337158203
2017-06-13,22.43,25.8,26.05,23.1,23.5,26.6,22.43,21.3,18.8,18.6,21.2,23.0,,24.642881393432614
2017-06-14,22.01,23.0,25.43,22.01,23.1,23.5,26.6,22.01,21.3,18.8,18.6,21.2,,24.83132743835449
2017-06-15,21.87,21.2,24.65,21.87,21.87,23.1,23.5,26.6,21.87,21.3,18.8,18.6,,24.89534568786621
2017-06-16,21.98,18.6,23.39,21.98,21.98,21.98,23.1,23.5,26.6,21.98,21.3,18.8,,25.208948135375977
2017-07-06,29.5,26.88,28.99,28.5,27.1,25.0,25.2,26.0,26.88,26.88,26.88,26.88,,29.00762367248535
2017-07-10,27.0,27.16,28.43,28.2,27.9,27.16,29.5,28.5,27.1,25.0,25.2,26.0,26.2,28.12116432189941
2017-07-11,26.2,26.0,27.72,27.0,28.2,27.9,27.06,29.5,28.5,27.1,25.0,25.2,29.2,28.889299392700195
2017-07-12,29.2,25.2,27.4,26.2,27.0,28.2,27.9,27.38,29.5,28.5,27.1,25.0,,29.71952247619629
2017-07-13,27.62,25.0,27.28,29.2,26.2,27.0,28.2,27.9,27.62,29.5,28.5,27.1,30.7,30.22310447692871
2017-07-15,29.9,28.5,29.94,30.7,28.57,29.2,26.2,27.0,28.2,27.9,28.57,29.5,28.8,30.71303558349609
2017-07-20,30.6,27.0,28.12,30.6,29.6,29.4,28.8,29.9,30.7,29.2,29.2,26.2,30.7,33.25564956665039
2017-07-21,30.7,26.2,28.89,30.6,30.6,29.6,29.4,28.8,29.9,30.7,29.57,29.2,31.5,32.069190979003906
2017-08-03,30.48,32.5,33.6,30.48,27.9,28.9,28.7,29.7,32.3,31.1,30.7,32.5,,34.867862701416016
2017-09-09,23.3,21.76,57.07,22.5,21.2,22.5,20.2,21.2,21.9,22.4,20.6,21.76,24.1,55.53395462036133
