,province,city,year,month,day,average,max,min,rain
,江苏,淮安,2015,9,14,20.6,25.6,15.1,0
,江苏,淮安,2015,9,15,21.8,27.4,16.7,0.7
,江苏,淮安,2015,9,16,20.6,27.1,16,0
,江苏,淮安,2015,9,17,20.3,26.9,15.7,0
,江苏,淮安,2015,9,18,21.9,28.2,16.9,0
,江苏,淮安,2015,9,19,22.5,28.3,18.8,0
,江苏,淮安,2015,9,20,22,27.9,18.6,0
,江苏,淮安,2015,9,21,21.5,27.2,17.1,0
,江苏,淮安,2015,9,22,21.9,26,17.7,0.9
,江苏,淮安,2015,9,23,21.5,26.6,18.9,14.9
,江苏,淮安,2015,9,24,20.9,25.8,17.2,0
,江苏,淮安,2015,9,25,22.5,27.9,19.4,0
,江苏,淮安,2015,9,26,21.8,27.2,19,0
,江苏,淮安,2015,9,27,20.2,26.5,14.8,0
,江苏,淮安,2015,9,28,20,27.4,14.2,0
,江苏,淮安,2015,9,29,21.5,25.5,18.1,0
,江苏,淮安,2015,9,30,20.2,21.4,18.7,6.8
,江苏,淮安,2015,10,1,19.8,22.4,15.7,0.1
,江苏,淮安,2015,10,2,16.1,23.8,9.3,0
,江苏,淮安,2015,10,3,19.1,26.3,14.2,0
,江苏,淮安,2015,10,4,19,21.6,17,2
,江苏,淮安,2015,10,5,20.1,26.1,17.1,2.9
,江苏,淮安,2015,10,6,19.3,25.2,13.1,0
,江苏,淮安,2015,10,7,17,21.1,15.2,15
,江苏,淮安,2015,10,8,18.1,23,15.6,2.8
,江苏,淮安,2015,10,9,16.1,21.4,10.8,0
,江苏,淮安,2015,10,10,15.1,20.8,11.3,0
,江苏,淮安,2015,10,11,12.9,20.9,5.3,0
,江苏,淮安,2015,10,12,14.1,24.1,6.7,0
,江苏,淮安,2015,10,13,15.7,25.2,8.6,0
,江苏,淮安,2015,10,14,16.5,25.4,9.4,0
,江苏,淮安,2015,10,15,17.3,25.4,11.4,0
,江苏,淮安,2015,10,16,17.7,26.4,11.7,0
,江苏,淮安,2015,10,17,17.3,25.9,11.3,0
,江苏,淮安,2015,10,18,17.2,25.2,10.6,0
,江苏,淮安,2015,10,19,15.9,24,9.7,0
,江苏,淮安,2015,10,20,17,24.2,10.9,0
,江苏,淮安,2015,10,21,17.8,24.9,11.8,0
,江苏,淮安,2015,10,22,17.7,23.9,12,0
,江苏,淮安,2015,10,23,17.4,22.6,13.7,0
,江苏,淮安,2015,10,24,18.1,24.8,12.3,0
,江苏,淮安,2015,10,25,18.2,22.7,15.1,0
,江苏,淮安,2015,10,26,16.2,19,15,1.6
,江苏,淮安,2015,10,27,13.6,19.1,10.5,1.2
,江苏,淮安,2015,10,28,12.5,18.4,7.5,0
,江苏,淮安,2015,10,29,14.6,20,10.5,0
,江苏,淮安,2015,10,30,11.9,16.8,7.3,0
,江苏,淮安,2015,10,31,10.3,16.3,3.9,0
,江苏,淮安,2015,11,1,11.5,16.8,7.3,0
,江苏,淮安,2015,11,2,11,19.1,5.5,0
,江苏,淮安,2015,11,3,11.5,19.6,4.6,0
,江苏,淮安,2015,11,4,16.2,18.9,11.4,0.1
,江苏,淮安,2015,11,5,17.4,21,13.7,0
,江苏,淮安,2015,11,6,19.7,22.4,17.5,62.4
,江苏,淮安,2015,11,7,12.4,19.9,10.9,53.4
,江苏,淮安,2015,11,8,10.1,10.9,9.4,0.1
,江苏,淮安,2015,11,9,9.2,10.8,8.4,0
,江苏,淮安,2015,11,10,8.8,13.6,4.1,0
,江苏,淮安,2015,11,11,11.3,15.6,7.2,0
,江苏,淮安,2015,11,12,11,13.9,8,8.3
,江苏,淮安,2015,11,13,11.9,12.6,10.6,2.9
,江苏,淮安,2015,11,14,11.5,16,7.9,0
,江苏,淮安,2015,11,15,11.9,16,7.1,0
,江苏,淮安,2015,11,16,13,15.9,11.7,11.1
,江苏,淮安,2015,11,17,11.6,14.8,9,0
,江苏,淮安,2015,11,18,10.3,12.4,7.2,3
,江苏,淮安,2015,11,19,9.4,10.6,8.7,0
,江苏,淮安,2015,11,20,11.1,13,9.2,0
,江苏,淮安,2015,11,21,12.9,15.3,9.9,0
,江苏,淮安,2015,11,22,13.7,14.2,13.4,3.1
,江苏,淮安,2015,11,23,9.7,13.6,6.5,2.5
,江苏,淮安,2015,11,24,2,6.5,-0.4,26.6
,江苏,淮安,2015,11,25,-0.2,1,-1.1,1.7
,江苏,淮安,2015,11,26,-2.4,0.4,-3.9,0
,江苏,淮安,2015,11,27,-1.4,3.6,-6.6,0
,江苏,淮安,2015,11,28,4.1,11,-2.2,0
,江苏,淮安,2015,11,29,6.7,14.7,0.9,0
,江苏,淮安,2015,11,30,7.3,13,1.6,0
,江苏,淮安,2015,12,1,11.3,13,10.2,0
,江苏,淮安,2015,12,2,8.7,12.6,6.1,0
,江苏,淮安,2015,12,3,3.7,7.5,1.4,0
,江苏,淮安,2015,12,4,2.8,9.1,-2.5,0
,江苏,淮安,2015,12,5,2.9,6,-0.1,0
,江苏,淮安,2015,12,6,4.7,10.6,0.8,0
,江苏,淮安,2015,12,7,3.8,11.6,-1.1,0
,江苏,淮安,2015,12,8,5.9,12.2,-0.1,0
,江苏,淮安,2015,12,9,9.2,11.9,7,0
,江苏,淮安,2015,12,10,10,12.4,9,0.1
,江苏,淮安,2015,12,11,5.1,9.7,2.3,0
,江苏,淮安,2015,12,12,2.7,8.1,-1.5,0
,江苏,淮安,2015,12,13,3,7.9,-0.4,0
,江苏,淮安,2015,12,14,3.2,7.8,-0.3,0
,江苏,淮安,2015,12,15,3.5,9.8,-1.4,0
,江苏,淮安,2015,12,16,1.1,4.5,-2.8,0
,江苏,淮安,2015,12,17,-1,4.8,-4.2,0
,江苏,淮安,2015,12,18,-0.8,6.7,-5.7,0
,江苏,淮安,2015,12,19,1.4,6.6,-3.4,0
,江苏,淮安,2015,12,20,3.4,5.2,1.8,1.7
,江苏,淮安,2015,12,21,2.2,8.9,-2.7,0
,江苏,淮安,2015,12,22,5.9,7.6,1.7,1.8
,江苏,淮安,2015,12,23,7.5,8.8,6.4,1.1
,江苏,淮安,2015,12,24,6.1,8.3,3.2,2.3
,江苏,淮安,2015,12,25,3.9,8,-0.1,0
,江苏,淮安,2015,12,26,5.5,11.8,1.8,0
,江苏,淮安,2015,12,27,3.1,6.8,-0.2,0
,江苏,淮安,2015,12,28,0.7,5.7,-2.4,0
,江苏,淮安,2015,12,29,1.7,7.7,-2.7,0
,江苏,淮安,2015,12,30,2.8,7.9,-1,0
,江苏,淮安,2015,12,31,0.6,8.4,-4.4,0
,江苏,淮安,2016,1,1,4.4,10.3,-0.7,0
,江苏,淮安,2016,1,2,7.4,13.4,2.5,0
,江苏,淮安,2016,1,3,7.5,16.2,1.6,0
,江苏,淮安,2016,1,4,7.1,8.5,4.3,0
,江苏,淮安,2016,1,5,5.8,7.8,3.8,0.8
,江苏,淮安,2016,1,6,5.7,9.9,2.9,0
,江苏,淮安,2016,1,7,2.3,6.1,-0.6,0
,江苏,淮安,2016,1,8,-0.1,5.9,-3.6,0
,江苏,淮安,2016,1,9,1.3,8,-3,0
,江苏,淮安,2016,1,10,4,9.1,-0.7,0
,江苏,淮安,2016,1,11,1.9,6.1,-0.6,1.5
,江苏,淮安,2016,1,12,-1.2,1,-2.3,0.1
,江苏,淮安,2016,1,13,-1.4,3.4,-5,0
,江苏,淮安,2016,1,14,-0.9,5.4,-4.4,0
,江苏,淮安,2016,1,15,0,8.3,-5.5,0
,江苏,淮安,2016,1,16,3.8,10.4,-2.5,0
,江苏,淮安,2016,1,17,4.5,10.7,1.3,0
,江苏,淮安,2016,1,18,-2.1,1.3,-4.5,0
,江苏,淮安,2016,1,19,-2.6,2.8,-7.3,0
,江苏,淮安,2016,1,20,-0.9,2.4,-4.9,0
,江苏,淮安,2016,1,21,0.2,3,-1.6,0
,江苏,淮安,2016,1,22,-1.1,2.3,-4.1,1.9
,江苏,淮安,2016,1,23,-7.2,-1.1,-10,1.6
,江苏,淮安,2016,1,24,-9.7,-6.1,-13,0
,江苏,淮安,2016,1,25,-4.4,2.1,-9.3,0
,江苏,淮安,2016,1,26,-0.4,6.5,-5.5,0
,江苏,淮安,2016,1,27,2,10,-3.6,0
,江苏,淮安,2016,1,28,3.1,5.4,1.2,0.3
,江苏,淮安,2016,1,29,2.8,4.4,1.3,1.7
,江苏,淮安,2016,1,30,-0.1,2.9,-2.8,0
,江苏,淮安,2016,1,31,-2.2,0.3,-3.2,0.6
,江苏,淮安,2016,2,1,-2.9,2,-6.8,0
,江苏,淮安,2016,2,2,-0.7,5.4,-5,0
,江苏,淮安,2016,2,3,-0.1,7.5,-4.9,0
,江苏,淮安,2016,2,4,1.4,8.9,-3.6,0
,江苏,淮安,2016,2,5,1.3,8.5,-3.4,0
,江苏,淮安,2016,2,6,0.2,6.7,-5.4,0
,江苏,淮安,2016,2,7,2.1,9.3,-4,0
,江苏,淮安,2016,2,8,5,15.9,-2,0
,江苏,淮安,2016,2,9,7.6,16,0.3,0
,江苏,淮安,2016,2,10,10.1,19.2,2.2,0
,江苏,淮安,2016,2,11,11.7,15.7,8.9,1.2
,江苏,淮安,2016,2,12,10.6,14.5,7.4,0
,江苏,淮安,2016,2,13,6.2,10.8,2.6,17.7
,江苏,淮安,2016,2,14,0.8,2.5,0.1,0
,江苏,淮安,2016,2,15,0.1,5,-4.4,0
,江苏,淮安,2016,2,16,2.6,9,-2.8,0
,江苏,淮安,2016,2,17,3.4,11.4,-2.8,0
,江苏,淮安,2016,2,18,6.7,14.6,0.4,0
,江苏,淮安,2016,2,19,6.8,11,2.5,0
,江苏,淮安,2016,2,20,4.2,9.9,0,0
,江苏,淮安,2016,2,21,4.4,8.8,-1.8,0
,江苏,淮安,2016,2,22,5.8,7.3,4.8,1.3
,江苏,淮安,2016,2,23,4.3,7.9,0.3,0
,江苏,淮安,2016,2,24,2.3,8.2,-2.3,0
,江苏,淮安,2016,2,25,5.4,12.2,-0.6,0
,江苏,淮安,2016,2,26,8.5,15.8,4.1,0
,江苏,淮安,2016,2,27,9.2,17.5,2.6,0
,江苏,淮安,2016,2,28,5.5,9.4,3,0
,江苏,淮安,2016,2,29,2.6,8.1,-2.1,0
,江苏,淮安,2016,3,1,5.3,11.9,-0.7,0
,江苏,淮安,2016,3,2,9.2,16.7,3.7,0
,江苏,淮安,2016,3,3,13.6,22.4,5.8,0
,江苏,淮安,2016,3,4,13.8,20.2,6.8,0
,江苏,淮安,2016,3,5,11.8,16.9,9.2,0.6
,江苏,淮安,2016,3,6,10.2,16.4,3.8,0
,江苏,淮安,2016,3,7,10.9,13,9.5,0
,江苏,淮安,2016,3,8,5,11,3.3,24.5
,江苏,淮安,2016,3,9,2.7,6,-0.7,0
,江苏,淮安,2016,3,10,3.8,8.3,-0.2,0
,江苏,淮安,2016,3,11,4.4,10.2,-1.6,0
,江苏,淮安,2016,3,12,7.4,11.5,2.5,0
,江苏,淮安,2016,3,13,8.4,12.5,5.6,0
,江苏,淮安,2016,3,14,7.1,12.9,2.2,0
,江苏,淮安,2016,3,15,8,13.4,1.4,0
,江苏,淮安,2016,3,16,9.4,17.3,2.3,0
,江苏,淮安,2016,3,17,10.9,14.7,7.1,1.1
,江苏,淮安,2016,3,18,13.3,18.8,10.5,0.1
,江苏,淮安,2016,3,19,12.6,18.4,8.7,0
,江苏,淮安,2016,3,20,9.4,17.4,2.9,0
,江苏,淮安,2016,3,21,9.8,16.9,2.5,0
,江苏,淮安,2016,3,22,9.8,17.2,2.7,0
,江苏,淮安,2016,3,23,9.3,13.3,5.5,0
,江苏,淮安,2016,3,24,6.5,12.7,1.2,0
,江苏,淮安,2016,3,25,8.3,14.1,2.9,0
,江苏,淮安,2016,3,26,7.9,15.2,2.1,0
,江苏,淮安,2016,3,27,10.3,17.6,3.1,0
,江苏,淮安,2016,3,28,13.5,20.7,6.4,0
,江苏,淮安,2016,3,29,15.5,21,10.7,0
,江苏,淮安,2016,3,30,15.2,20.8,9,0
,江苏,淮安,2016,3,31,15.7,20.2,12.1,0
,江苏,淮安,2016,4,1,17.4,23.8,11.5,0
,江苏,淮安,2016,4,2,16.2,21.2,11.4,0
,江苏,淮安,2016,4,3,10.2,11.7,8.9,0
,江苏,淮安,2016,4,4,11.7,18.7,3,0
,江苏,淮安,2016,4,5,13.5,17.5,11.6,0.7
,江苏,淮安,2016,4,6,8.6,11.5,7.7,25.9
,江苏,淮安,2016,4,7,13.4,19.4,7.7,0.7
,江苏,淮安,2016,4,8,17.1,22.4,13.3,0
,江苏,淮安,2016,4,9,19.2,25.8,13.4,0
,江苏,淮安,2016,4,10,19.9,27.3,12.3,0
,江苏,淮安,2016,4,11,14.5,20.1,11.7,0
,江苏,淮安,2016,4,12,16.3,21.1,11.8,0
,江苏,淮安,2016,4,13,18.7,25.8,12.4,0
,江苏,淮安,2016,4,14,20.3,28.2,14.3,0
,江苏,淮安,2016,4,15,18.5,24.9,12.3,0
,江苏,淮安,2016,4,16,15.7,20.9,13.1,17
,江苏,淮安,2016,4,17,13.8,18,8.7,0
,江苏,淮安,2016,4,18,15,21.6,9.2,0
,江苏,淮安,2016,4,19,18.2,23.6,10.8,0
,江苏,淮安,2016,4,20,15.1,20.3,13.5,11
,江苏,淮安,2016,4,21,17.9,23.5,14.2,1.8
,江苏,淮安,2016,4,22,20.8,26.1,15.3,0
,江苏,淮安,2016,4,23,17.1,21,16,4.1
,江苏,淮安,2016,4,24,16.8,22.4,13,0
,江苏,淮安,2016,4,25,16.2,22,8.8,0
,江苏,淮安,2016,4,26,13.8,17.6,12.1,5.4
,江苏,淮安,2016,4,27,13.9,18,11.8,1.7
,江苏,淮安,2016,4,28,17.1,23.7,13.1,0.1
,江苏,淮安,2016,4,29,18,25.2,10.5,0
,江苏,淮安,2016,4,30,21.1,27.4,14.7,0
,江苏,淮安,2016,5,1,23.5,29.2,16.9,0
,江苏,淮安,2016,5,2,22.4,25,19.5,2.6
,江苏,淮安,2016,5,3,17.7,23.5,12,0.4
,江苏,淮安,2016,5,4,21.6,28.7,13,0
,江苏,淮安,2016,5,5,23.5,28.4,20.2,0
,江苏,淮安,2016,5,6,21.7,25.4,18.7,0
,江苏,淮安,2016,5,7,17.8,22.6,12.9,0
,江苏,淮安,2016,5,8,15.6,18.2,14,0.4
,江苏,淮安,2016,5,9,16.8,19.9,14.6,0
,江苏,淮安,2016,5,10,15.6,21.9,11.5,2
,江苏,淮安,2016,5,11,19.7,26.4,11.2,0
,江苏,淮安,2016,5,12,21.7,29.7,16.5,0
,江苏,淮安,2016,5,13,16.9,20.8,14.3,0
,江苏,淮安,2016,5,14,18.1,24.4,12.9,0
,江苏,淮安,2016,5,15,15.5,21.6,14.2,9.1
,江苏,淮安,2016,5,16,17.7,25.4,10.6,0.3
,江苏,淮安,2016,5,17,19.7,25.8,11.7,0
,江苏,淮安,2016,5,18,20.1,24.8,15.1,0
,江苏,淮安,2016,5,19,18.8,26.3,10.6,0
,江苏,淮安,2016,5,20,20.9,26.7,16,0
,江苏,淮安,2016,5,21,16.6,20.3,15.2,11.6
,江苏,淮安,2016,5,22,18.4,21.6,14.7,1.9
,江苏,淮安,2016,5,23,17.5,19.5,16,0.2
,江苏,淮安,2016,5,24,20.8,26.2,15.7,0
,江苏,淮安,2016,5,25,22.4,29.3,14.5,0
,江苏,淮安,2016,5,26,22.8,28.5,19.9,0.5
,江苏,淮安,2016,5,27,17.4,20.3,14.5,35.1
,江苏,淮安,2016,5,28,17.4,19.2,14.5,39.2
,江苏,淮安,2016,5,29,19.9,23.1,17.7,0.4
,江苏,淮安,2016,5,30,21.3,27.8,14.1,0.1
,江苏,淮安,2016,5,31,21.4,23.9,19,9.7
,江苏,淮安,2016,6,1,21.4,26.6,18.7,9
,江苏,淮安,2016,6,2,19.4,23.4,14.3,0
,江苏,淮安,2016,6,3,19.8,22.8,17.9,1.6
,江苏,淮安,2016,6,4,16.9,20.1,15.3,1.5
,江苏,淮安,2016,6,5,19.6,25.4,13.5,0
,江苏,淮安,2016,6,6,21.8,26.2,18.1,1.1
,江苏,淮安,2016,6,7,21.9,26.7,16.2,0
,江苏,淮安,2016,6,8,22.2,26.2,18.7,0
,江苏,淮安,2016,6,9,22,28.6,16.6,0
,江苏,淮安,2016,6,10,22.7,25.4,20.2,0
,江苏,淮安,2016,6,11,24.5,31.6,19.5,0
,江苏,淮安,2016,6,12,25.2,30,22.5,0
,江苏,淮安,2016,6,13,23.3,29.4,20.7,21
,江苏,淮安,2016,6,14,25.7,31.4,20.5,0.3
,江苏,淮安,2016,6,15,24.7,28.2,22.6,0.1
,江苏,淮安,2016,6,16,24.3,30.6,18,0
,江苏,淮安,2016,6,17,27.2,33.1,20.6,0
,江苏,淮安,2016,6,18,27.6,33.3,21.3,0
,江苏,淮安,2016,6,19,28.8,34.1,23,0
,江苏,淮安,2016,6,20,28.8,32.7,24.9,0
,江苏,淮安,2016,6,21,24.8,28.9,23.4,37.8
,江苏,淮安,2016,6,22,27.6,32.8,23.6,0.3
,江苏,淮安,2016,6,23,25.6,29.2,23.9,76.6
,江苏,淮安,2016,6,24,24.6,27.2,22.3,43.2
,江苏,淮安,2016,6,25,24.9,28.7,22.6,0
,江苏,淮安,2016,6,26,25,29,20.9,0
,江苏,淮安,2016,6,27,21.1,25.9,18.7,1.5
,江苏,淮安,2016,6,28,22.4,26.5,19.1,0
,江苏,淮安,2016,6,29,25.5,29.6,21.8,0
,江苏,淮安,2016,6,30,28.6,31.7,25.2,0
,江苏,淮安,2016,7,1,23.4,24.9,21.4,51.5
,江苏,淮安,2016,7,2,24.6,28.1,21.2,0
,江苏,淮安,2016,7,3,24.3,28.2,23,0.6
,江苏,淮安,2016,7,4,22.5,23,22.1,12.2
,江苏,淮安,2016,7,5,22.7,25,20.6,3.4
,江苏,淮安,2016,7,6,23.8,26,22.1,12.4
,江苏,淮安,2016,7,7,25.3,28.3,23.5,37.3
,江苏,淮安,2016,7,8,27,30.7,24.3,0
,江苏,淮安,2016,7,9,25.8,29,23.2,0
,江苏,淮安,2016,7,10,25.5,28.9,23.4,0
,江苏,淮安,2016,7,11,25.2,28.1,23.8,0
,江苏,淮安,2016,7,12,27.1,31.9,23.9,0
,江苏,淮安,2016,7,13,26,26.9,26.1,13.6
,江苏,淮安,2016,7,14,25.9,28.6,23.9,0.1
,江苏,淮安,2016,7,15,24.9,29.5,23.7,13
,江苏,淮安,2016,7,16,23.9,28.2,20.3,0.3
,江苏,淮安,2016,7,17,26.7,31.8,22.3,0
,江苏,淮安,2016,7,18,27.5,31.1,24.2,0
,江苏,淮安,2016,7,19,27.4,31.4,24.8,0
,江苏,淮安,2016,7,20,30.3,32.8,26.5,0
,江苏,淮安,2016,7,21,30.5,33.4,27.3,0
,江苏,淮安,2016,7,22,30.9,34.9,26.8,0
,江苏,淮安,2016,7,23,31.6,35.4,27.5,0
,江苏,淮安,2016,7,24,31.8,36,27.6,0
,江苏,淮安,2016,7,25,32.3,36.3,29.1,0
,江苏,淮安,2016,7,26,30.9,35.6,28.8,19.8
,江苏,淮安,2016,7,27,29.4,34.7,25.8,0
,江苏,淮安,2016,7,28,31.4,35.1,28.2,0
,江苏,淮安,2016,7,29,32.1,35.8,28.9,0
,江苏,淮安,2016,7,30,32,36.6,28.7,0
,江苏,淮安,2016,7,31,30.3,35.5,27.1,0.7
,江苏,淮安,2016,8,1,30.1,33.5,27.4,0
,江苏,淮安,2016,8,2,29,32.6,25.9,0
,江苏,淮安,2016,8,3,26.5,32.3,25.9,0.9
,江苏,淮安,2016,8,4,27.3,31,24.7,0
,江苏,淮安,2016,8,5,27.2,32.2,25.6,17.3
,江苏,淮安,2016,8,6,27.8,32.3,25.5,33.2
,江苏,淮安,2016,8,7,28.7,32,25.3,0.1
,江苏,淮安,2016,8,8,28.9,32.6,26.8,0
,江苏,淮安,2016,8,9,28.9,32.5,25.7,1.9
,江苏,淮安,2016,8,10,28.9,32.5,25.6,4.1
,江苏,淮安,2016,8,11,30.4,34.3,27.5,0
,江苏,淮安,2016,8,12,29.8,33.5,25.6,0
,江苏,淮安,2016,8,13,30.6,35.1,26.7,0
,江苏,淮安,2016,8,14,30.8,34.8,27,1
,江苏,淮安,2016,8,15,29.6,33.5,26.2,0
,江苏,淮安,2016,8,16,28.7,32.8,25.9,0
,江苏,淮安,2016,8,17,28.4,32.1,24.5,0
,江苏,淮安,2016,8,18,28.6,34,23.8,0
,江苏,淮安,2016,8,19,30.8,35,27.7,0
,江苏,淮安,2016,8,20,28.4,29.5,27.3,0
,江苏,淮安,2016,8,21,27.8,31,25.5,2.3
,江苏,淮安,2016,8,22,28.5,31.9,26.5,0
,江苏,淮安,2016,8,23,27.7,32.3,24,0
,江苏,淮安,2016,8,24,27.4,32,21.8,0
,江苏,淮安,2016,8,25,27.2,32.4,21.6,0
,江苏,淮安,2016,8,26,22.1,23.8,21.2,0
,江苏,淮安,2016,8,27,22.2,27.3,18.3,0
,江苏,淮安,2016,8,28,23,29.6,17.9,0
,江苏,淮安,2016,8,29,22.9,29.5,16.7,0
,江苏,淮安,2016,8,30,23.1,29.2,16.7,0
,江苏,淮安,2016,8,31,24.2,29.4,17.9,0
,江苏,淮安,2016,9,1,25.1,31,20.1,0
,江苏,淮安,2016,9,2,24.4,32.5,16.8,0
,江苏,淮安,2016,9,3,25.4,32.7,19.5,0
,江苏,淮安,2016,9,4,24.7,29.5,22.3,0
,江苏,淮安,2016,9,5,24.6,30.2,19.7,0
,江苏,淮安,2016,9,6,24.1,27.9,21.7,0
,江苏,淮安,2016,9,7,23.2,27.9,19.8,0
,江苏,淮安,2016,9,8,24.1,30.4,20.3,0
,江苏,淮安,2016,9,9,25.4,32.4,20.4,0
,江苏,淮安,2016,9,10,25.1,32,22,0
,江苏,淮安,2016,9,11,24.3,29.6,20.1,0
,江苏,淮安,2016,9,12,23.5,29.8,18,0
,江苏,淮安,2016,9,13,23.8,28.6,20,0
,江苏,淮安,2016,9,14,24,29,19.1,0
,江苏,淮安,2016,9,15,22.9,28,19.4,0.1
,江苏,淮安,2016,9,16,21.7,22.8,21,27.1
,江苏,淮安,2016,9,17,22.9,27.6,20.6,0.6
,江苏,淮安,2016,9,18,21.8,26.9,19.2,0
,江苏,淮安,2016,9,19,19.9,25,17,0
,江苏,淮安,2016,9,20,19,24.9,14.2,0
,江苏,淮安,2016,9,21,18.9,25.5,14,0
,江苏,淮安,2016,9,22,20.4,26.6,14.9,0
,江苏,淮安,2016,9,23,21.4,26.4,17.4,0
,江苏,淮安,2016,9,24,22.5,27.3,17.4,0
,江苏,淮安,2016,9,25,22.3,26.3,19.6,0
,江苏,淮安,2016,10,8,18,22.6,15.8,0.1
,江苏,淮安,2016,10,9,14.8,20.7,8.9,0
,江苏,淮安,2016,10,10,15.4,19,12.5,0
,江苏,淮安,2016,10,12,17.1,21,14.8,0
,江苏,淮安,2016,10,13,17,19.4,15.8,0.8
,江苏,淮安,2016,10,14,18,22.9,14,0
,江苏,淮安,2016,10,15,16.7,18.1,16.2,18.7
,江苏,淮安,2016,10,16,17.7,19.4,16.1,10.1
,江苏,淮安,2016,10,17,16.9,21.5,12,0
,江苏,淮安,2016,10,18,17.8,20.7,15.2,2
,江苏,淮安,2016,10,19,18.9,21.9,16.8,0
,江苏,淮安,2016,10,20,17,18.7,15.3,6.9
,江苏,淮安,2016,10,21,17.9,19.8,15,9.8
,江苏,淮安,2016,10,22,18.6,19.7,19,2.3
,江苏,淮安,2016,10,23,13.5,16.2,12.4,1.1
,江苏,淮安,2016,10,24,99999.9,15.7,12.1,27.1
,江苏,淮安,2016,10,25,14,15.7,12.9,15.7
,江苏,淮安,2016,10,26,15.2,16.6,14,30.6
,江苏,淮安,2016,10,27,15.9,17.9,14.7,26.3
,江苏,淮安,2016,10,28,12.9,15.4,11.6,5.8
,江苏,淮安,2016,10,30,10.8,16.8,5.8,0
,江苏,淮安,2016,10,31,10.6,13.3,11,12
,江苏,淮安,2016,11,1,6.8,12.1,2.9,0
,江苏,淮安,2016,11,2,8.1,15.3,2.4,0
,江苏,淮安,2016,11,3,9.9,17.1,3.6,0
,江苏,淮安,2016,11,4,13.2,20,7.3,0
,江苏,淮安,2016,11,5,14.7,22.6,8.3,0
,江苏,淮安,2016,11,6,15.2,19.5,10.8,0
,江苏,淮安,2016,11,7,13.3,17.3,11.5,9.7
,江苏,淮安,2016,11,8,7.1,10.3,6.2,1.1
,江苏,淮安,2016,11,9,7.2,11.4,2.7,0
,江苏,淮安,2016,11,10,8.9,12.8,6.7,0.1
,江苏,淮安,2016,11,11,12.6,18.8,6.8,0
,江苏,淮安,2016,11,12,12.6,19.6,7,0
,江苏,淮安,2016,11,13,13,19.2,8.6,0
,江苏,淮安,2016,11,14,12.9,19.9,8.3,0
,江苏,淮安,2016,11,15,11.3,16.4,6.7,0
,江苏,淮安,2016,11,16,11.3,16.3,5.3,0
,江苏,淮安,2016,11,17,13.9,16.5,12.1,0.2
,江苏,淮安,2016,11,18,14.6,16.6,12.7,0.5
,江苏,淮安,2016,11,19,15.3,17.1,14.7,0.2
,江苏,淮安,2016,11,20,13.7,14.6,13,0.2
,江苏,淮安,2016,11,21,11.9,14.7,11.6,0.5
,江苏,淮安,2016,11,22,1.7,10.4,0.7,6.7
,江苏,淮安,2016,11,23,-1.2,0.6,-2.4,6.1
,江苏,淮安,2016,11,24,-0.3,5.1,-4.7,0
,江苏,淮安,2016,11,25,2.4,7.2,-2.7,0
,江苏,淮安,2016,11,26,4.5,9,2.1,9.2
,江苏,淮安,2016,11,27,5.4,13.8,0,0
,江苏,淮安,2016,11,28,5.5,10.4,0.9,0
,江苏,淮安,2016,11,29,6.2,10.3,1.4,0
,江苏,淮安,2016,11,30,7.8,12.4,4.7,0
,江苏,淮安,2016,12,1,7.1,14,1.4,0
,江苏,淮安,2016,12,2,6.2,13.1,0.7,0
,江苏,淮安,2016,12,3,7.5,13.4,2,0
,江苏,淮安,2016,12,4,10.2,15.5,7.8,0
,江苏,淮安,2016,12,5,8.6,16.8,4.6,0
,江苏,淮安,2016,12,6,3.2,8.5,-1.4,0
,江苏,淮安,2016,12,7,5.5,12.8,1,0
,江苏,淮安,2016,12,8,8.1,15.3,0.8,0
,江苏,淮安,2016,12,9,5.7,10.6,2.9,0
,江苏,淮安,2016,12,10,5.8,9.7,3.8,0
,江苏,淮安,2016,12,11,5,9.7,1,0
,江苏,淮安,2016,12,12,9.2,12.1,5.1,0
,江苏,淮安,2016,12,13,7.1,10.8,6.1,5.5
,江苏,淮安,2016,12,14,1.1,4.3,-0.8,0
,江苏,淮安,2016,12,15,1,6.5,-2.1,0
,江苏,淮安,2016,12,16,1.5,8.1,-3,0
,江苏,淮安,2016,12,17,5.1,11.3,-0.8,0
,江苏,淮安,2016,12,18,5.6,14.4,-0.3,0
,江苏,淮安,2016,12,19,6.6,12.9,1.8,0
,江苏,淮安,2016,12,20,8.4,11.9,5.1,0.2
,江苏,淮安,2016,12,21,7.9,9.7,8.2,18.8
,江苏,淮安,2016,12,22,6.1,7.7,4.6,0
,江苏,淮安,2016,12,23,1.6,6.4,-1.3,0
,江苏,淮安,2016,12,24,2.7,6.3,-1.3,0
,江苏,淮安,2016,12,25,6.1,8.1,4.2,1
,江苏,淮安,2016,12,26,5.4,7.1,5.2,11.8
,江苏,淮安,2016,12,27,0.7,3.7,-1.2,0
,江苏,淮安,2016,12,28,0.4,5.8,-3.6,0
,江苏,淮安,2016,12,29,0.2,4.5,-1.6,0
,江苏,淮安,2016,12,30,1.2,6.8,-2.9,0
,江苏,淮安,2016,12,31,2.4,9.9,-2.6,0
,江苏,淮安,2017,1,1,4.3,10.3,-1.5,0
,江苏,淮安,2017,1,2,8,12.8,6,0.2
,江苏,淮安,2017,1,12,4.5,9.2,1.1,0
,江苏,淮安,2017,1,13,2.5,8.9,-1.6,0
,江苏,淮安,2017,1,14,0.7,4.8,-2.5,0
,江苏,淮安,2017,1,15,0.8,4.5,-1.4,0
,江苏,淮安,2017,1,16,1.3,5.6,-2.1,0
,江苏,淮安,2017,1,17,2.8,7.6,-1.2,0
,江苏,淮安,2017,1,18,3.9,6.3,1.7,0
,江苏,淮安,2017,1,19,4.5,7.6,3.8,0
,江苏,淮安,2017,1,20,-1.6,3.4,-3.8,0
,江苏,淮安,2017,1,21,0.3,6.1,-3.7,0
,江苏,淮安,2017,1,22,-1.1,4.7,-4.5,0
,江苏,淮安,2017,1,23,-0.1,5.9,-5.5,0
,江苏,淮安,2017,1,24,1.6,7,-3.2,0
,江苏,淮安,2017,1,25,3.5,9.9,-2,0
,江苏,淮安,2017,1,26,5.7,13.4,0.8,0
,江苏,淮安,2017,1,27,5.2,9.3,2.2,0
,江苏,淮安,2017,1,28,4,7.1,1.2,0.4
,江苏,淮安,2017,1,29,4.5,5.7,4.8,2.8
,江苏,淮安,2017,1,30,-1.1,2.5,-3.2,0
,江苏,淮安,2017,1,31,-0.6,4.3,-5.3,0
,江苏,淮安,2017,2,1,0.7,4.5,-1.7,11.3
,江苏,淮安,2017,2,2,0.8,6.4,-4.8,0
,江苏,淮安,2017,2,3,3.3,4,2.7,0
,江苏,淮安,2017,2,4,4.8,6.7,3.4,0
,江苏,淮安,2017,2,5,5.7,11.6,1.2,0
,江苏,淮安,2017,2,6,3.7,7.7,0,0
,江苏,淮安,2017,2,7,1.6,4.3,-1.8,0
,江苏,淮安,2017,2,8,0.6,3.2,-0.5,4.4
,江苏,淮安,2017,2,9,0.7,4.7,-2.7,0
,江苏,淮安,2017,2,10,0.5,5.3,-4.3,0
,江苏,淮安,2017,2,11,0.9,8.5,-4.3,0
,江苏,淮安,2017,2,12,4,11.8,-2.3,0
,江苏,淮安,2017,2,13,6.8,15.5,0.5,0
,江苏,淮安,2017,2,14,6.9,14.2,0.6,0
,江苏,淮安,2017,2,15,9.2,15.8,0.8,0
,江苏,淮安,2017,2,16,10.7,15.8,7.9,1.1
,江苏,淮安,2017,2,17,5.5,10.2,4.2,0
,江苏,淮安,2017,2,18,5.6,12.4,-0.1,0
,江苏,淮安,2017,2,19,11.2,20.5,4.9,0
,江苏,淮安,2017,2,20,5.3,15.1,3.8,1.4
,江苏,淮安,2017,2,21,2.8,5.9,-0.2,2.4
,江苏,淮安,2017,2,22,2.3,4.1,0.8,11.4
,江苏,淮安,2017,2,23,2.6,7.8,-0.6,0
,江苏,淮安,2017,2,24,4.6,10.8,-0.6,0
,江苏,淮安,2017,2,25,6.4,12.8,0.5,0
,江苏,淮安,2017,2,26,7.4,13.2,2.8,0
,江苏,淮安,2017,2,27,7.4,14.7,1.2,0
,江苏,淮安,2017,2,28,10.5,16.3,5.2,0
,江苏,淮安,2017,3,1,8.6,15.1,7.3,0.3
,江苏,淮安,2017,3,2,4.6,11.5,-1.3,0
,江苏,淮安,2017,3,3,8.2,14,1.5,0
,江苏,淮安,2017,3,4,9,17.1,0.9,0
,江苏,淮安,2017,3,5,9.5,16.8,5,0
,江苏,淮安,2017,3,6,5.1,11,-1.6,0
,江苏,淮安,2017,3,7,5.5,10.3,1.3,0
,江苏,淮安,2017,3,8,5.2,12.1,-1.9,0
,江苏,淮安,2017,3,9,8.7,16.6,0.3,0
,江苏,淮安,2017,3,10,11.2,20.1,3.9,0
,江苏,淮安,2017,3,11,13.1,19.8,5.7,0
,江苏,淮安,2017,3,12,11.3,15.6,6,0
,江苏,淮安,2017,3,13,99999.9,10.1,4.5,0
,江苏,淮安,2017,3,14,7.4,13.9,0.8,0
,江苏,淮安,2017,3,15,8.5,15,0.9,0
,江苏,淮安,2017,3,16,9,14.9,5.2,0
,江苏,淮安,2017,3,17,9.5,14.8,3.3,0
,江苏,淮安,2017,3,18,10.5,15.2,7.6,0.7
,江苏,淮安,2017,3,19,10.7,14.6,4.8,0
,江苏,淮安,2017,3,20,7.4,12.1,6.4,5.7
,江苏,淮安,2017,3,21,8.6,13.4,6.1,0.1
,江苏,淮安,2017,3,22,7.6,9.5,6.4,0.6
,江苏,淮安,2017,3,23,7.8,11.7,5.1,1.2
,江苏,淮安,2017,3,24,8,10.3,6.6,0
,江苏,淮安,2017,3,25,9.7,15.1,4,0
,江苏,淮安,2017,3,26,9.7,15.7,3,0
,江苏,淮安,2017,3,27,99999.9,19.7,2.4,0
,江苏,淮安,2017,3,28,11.5,19.2,8.8,0
,江苏,淮安,2017,3,29,9.8,14.2,7.6,0
,江苏,淮安,2017,3,30,10.4,14.7,6.1,0
,江苏,淮安,2017,3,31,10.1,15.2,5.3,0.4
,江苏,淮安,2017,4,1,11.6,18,2.9,0
,江苏,淮安,2017,4,2,14.9,22.1,6.4,0
,江苏,淮安,2017,4,3,17.9,24.4,9.8,0
,江苏,淮安,2017,4,4,15.6,20.1,14.6,0
,江苏,淮安,2017,4,5,14.7,17.1,13,6.2
,江苏,淮安,2017,4,6,15,20.2,11.1,0
,江苏,淮安,2017,4,7,14.3,19.5,9.1,0
,江苏,淮安,2017,4,8,14.9,21.2,12.2,8.8
,江苏,淮安,2017,4,9,12,14.2,10.7,0
,江苏,淮安,2017,4,10,9.1,12.1,8.5,7.5
,江苏,淮安,2017,4,11,12.5,18,7.1,0.8
,江苏,淮安,2017,4,12,14.9,20.1,8,0
,江苏,淮安,2017,4,13,16.5,22.7,9.2,0
,江苏,淮安,2017,4,14,18.8,26,12,0
,江苏,淮安,2017,4,15,20.9,28,13.3,0
,江苏,淮安,2017,4,16,22.2,28,13.8,0
,江苏,淮安,2017,4,17,19.1,24.3,14.1,11.1
,江苏,淮安,2017,4,18,99999.9,24.9,16.4,0
,江苏,淮安,2017,4,19,18.5,25.3,8.3,0
,江苏,淮安,2017,4,20,16.5,21.6,14,0
,江苏,淮安,2017,4,21,15,21.2,9.8,9.5
,江苏,淮安,2017,4,22,14,21.1,7.3,0
,江苏,淮安,2017,4,23,17.4,23.3,9.8,0
,江苏,淮安,2017,4,24,19.5,25.1,13,0
,江苏,淮安,2017,4,25,18.6,24.2,15.6,0
,江苏,淮安,2017,4,26,14.8,18.8,11.8,0
,江苏,淮安,2017,4,27,15.3,22.7,7.8,0
,江苏,淮安,2017,4,28,18.7,25.5,12.3,0
,江苏,淮安,2017,4,29,21.2,27.3,15.2,0
,江苏,淮安,2017,4,30,22.4,28.6,15.4,0
,江苏,淮安,2017,5,1,23.5,28.6,15.8,0
,江苏,淮安,2017,5,2,21,25.4,14.8,0
,江苏,淮安,2017,5,3,18.9,21.6,14.8,0
,江苏,淮安,2017,5,4,17.1,20.2,16.5,29.9
,江苏,淮安,2017,5,5,19.8,25.2,16.2,0
,江苏,淮安,2017,5,6,19,23.3,14.9,0
,江苏,淮安,2017,5,7,19.4,26.6,13.2,0
,江苏,淮安,2017,5,8,16.2,20.6,14.1,2.7
,江苏,淮安,2017,5,9,15.2,22.3,12.2,0.4
,江苏,淮安,2017,5,10,99999.9,28.5,13.8,99999.9
,江苏,淮安,2017,5,11,99999.9,25.6,18.5,0.2
,江苏,淮安,2017,5,12,22.5,27.3,17.7,0
,江苏,淮安,2017,5,13,23.3,29.1,18.6,0
,江苏,淮安,2017,5,14,20,24.8,13.5,0
,江苏,淮安,2017,5,15,19.3,24.3,13.7,0
,江苏,淮安,2017,5,16,20,26.4,12.6,0
,江苏,淮安,2017,5,17,22.1,27.5,15.1,0
,江苏,淮安,2017,5,18,23.2,29.4,16.1,0
,江苏,淮安,2017,5,19,24.2,29.2,19.3,0
,江苏,淮安,2017,5,20,23.1,28.1,17.5,0
,江苏,淮安,2017,5,21,23,29.2,18,0
,江苏,淮安,2017,5,22,24.2,29.2,19.9,0
,江苏,淮安,2017,5,23,19.7,23.8,18.5,1.4
,江苏,淮安,2017,5,24,18.8,25.1,12.9,0
,江苏,淮安,2017,5,25,22.4,31.2,13.9,0
,江苏,淮安,2017,5,26,21.7,29.3,14.3,0
,江苏,淮安,2017,5,27,25.6,33.2,17.2,0
,江苏,淮安,2017,5,28,27.5,34.2,18.2,0
,江苏,淮安,2017,5,29,27.1,34.9,21.3,0
,江苏,淮安,2017,5,30,26.3,32.2,22,0
,江苏,淮安,2017,5,31,26.5,33.5,20.7,0
,江苏,淮安,2017,6,1,27.5,33.7,23.2,0
,江苏,淮安,2017,6,2,25.8,32.2,18.5,0
,江苏,淮安,2017,6,3,23,28.7,18.7,0
,江苏,淮安,2017,6,4,21.2,27.5,17,0.2
,江苏,淮安,2017,6,5,18.6,21.7,17,14.6
,江苏,淮安,2017,6,6,18.8,21.1,15.2,5.9
,江苏,淮安,2017,6,7,21.3,28.1,15.2,0
,江苏,淮安,2017,6,8,99999.9,29.3,16.8,0
,江苏,淮安,2017,6,9,26.6,33.9,20.7,0
,江苏,淮安,2017,6,10,23.5,27,20.2,18.4
,江苏,淮安,2017,6,11,23.1,26.8,19.6,0
,江苏,淮安,2017,6,30,26,29.1,23.7,0
,江苏,淮安,2017,7,1,25.2,28,23.4,19.1
,江苏,淮安,2017,7,2,25,27.8,22.8,55.6
,江苏,淮安,2017,7,3,27.1,30.5,24.6,0
,江苏,淮安,2017,7,4,28.5,32.9,25,0
,江苏,淮安,2017,7,5,29.5,34.9,26,0
,江苏,淮安,2017,7,6,99999.9,31.2,25.4,9.3
,江苏,淮安,2017,7,7,27.9,29.6,25.8,0.3
,江苏,淮安,2017,7,8,28.2,31.3,25.5,8
,江苏,淮安,2017,7,9,27,28.5,23.7,40.5
,江苏,淮安,2017,7,10,26.2,31,21.7,75.9
,江苏,淮安,2017,7,11,29.2,33.3,25.1,0
,江苏,淮安,2017,7,12,99999.9,33.3,26,0
,江苏,淮安,2017,7,13,30.7,33.7,27.6,0
,江苏,淮安,2017,7,14,29.9,33.7,27.2,0.7
,江苏,淮安,2017,7,15,28.8,33.7,26.1,2.7
,江苏,淮安,2017,7,16,29.4,33.2,25.7,1.8
,江苏,淮安,2017,7,17,29.6,35.4,25.4,10.2
,江苏,淮安,2017,7,18,30.6,33.9,25.7,0
,江苏,淮安,2017,7,19,30.6,34.3,27.1,0
,江苏,淮安,2017,7,20,30.7,34.4,27.3,0
,江苏,淮安,2017,7,21,31.5,35.5,27.8,0
,江苏,淮安,2017,7,22,32,36.8,28.1,0
,江苏,淮安,2017,7,23,32.5,36.9,28.3,0
,江苏,淮安,2017,7,24,32.5,36.9,28.6,0
,江苏,淮安,2017,7,25,30.7,35.1,28.3,0
,江苏,淮安,2017,7,26,31.1,35.6,27.2,0
,江苏,淮安,2017,7,27,32.3,37.6,28.2,0
,江苏,淮安,2017,7,28,29.7,32.9,27.2,0
,江苏,淮安,2017,7,29,28.7,32.7,26.3,0.1
,江苏,淮安,2017,7,30,28.9,33.3,25.9,2.1
,江苏,淮安,2017,7,31,27.9,29.2,26.8,3.6
,江苏,淮安,2017,8,31,20.6,23.2,18.5,0.6
,江苏,淮安,2017,9,1,22.4,27.9,16.7,0.1
,江苏,淮安,2017,9,2,21.9,25.2,19.4,0.7
,江苏,淮安,2017,9,3,21.2,23.9,18.6,16.3
,江苏,淮安,2017,9,4,20.2,21.3,18.6,42.9
,江苏,淮安,2017,9,5,22.5,24.9,21.2,1.5
,江苏,淮安,2017,9,6,21.2,23,20.9,9.4
,江苏,淮安,2017,9,7,22.5,27.6,20,0
,江苏,淮安,2017,9,8,23.3,29,18.1,0
,江苏,淮安,2017,9,9,24.1,27.5,21,0
,江苏,淮安,2017,9,10,22.4,23.7,19.9,74
,江苏,淮安,2017,9,11,21.7,26.7,19.8,7.5
,江苏,淮安,2017,9,12,22.7,29.4,17.8,0
,江苏,南京,2015,9,14,22.3,26.6,18.2,0
,江苏,南京,2015,9,15,20.1,22.5,18.1,1.6
,江苏,南京,2015,9,16,22.3,27.9,17.5,0.1
,江苏,南京,2015,9,17,22.1,25.9,17.6,0
,江苏,南京,2015,9,18,23,27.4,19.1,0
,江苏,南京,2015,9,19,23.9,28.7,21.1,0
,江苏,南京,2015,9,20,22.9,26.8,20.6,0
,江苏,南京,2015,9,21,23,27.1,19.3,0
,江苏,南京,2015,9,22,23,26.4,20,0
,江苏,南京,2015,9,23,23.3,27.6,20.6,12.6
,江苏,南京,2015,9,24,23,27.4,19.1,0
,江苏,南京,2015,9,25,23.5,27.5,21.4,0.9
,江苏,南京,2015,9,26,23.9,28.4,19.4,0
,江苏,南京,2015,9,27,23.2,28,19.1,0
,江苏,南京,2015,9,28,23.6,28.7,17.6,0
,江苏,南京,2015,9,29,21.8,24.6,20.5,9.8
,江苏,南京,2015,9,30,24.6,28.1,20.6,2.5
,江苏,南京,2015,10,1,21.2,25.7,18.6,47.2
,江苏,南京,2015,10,2,17.6,24.4,11.6,0
,江苏,南京,2015,10,3,19.5,24.4,14.1,0
,江苏,南京,2015,10,4,20.9,25.4,18.3,0
,江苏,南京,2015,10,5,19.8,23.1,17.8,0
,江苏,南京,2015,10,6,19.9,21.4,18.4,0
,江苏,南京,2015,10,7,19.8,20.5,19.1,5.5
,江苏,南京,2015,10,8,17.9,19.5,17.3,3.9
,江苏,南京,2015,10,9,18.7,23.4,15.8,0
,江苏,南京,2015,10,10,17,24.4,11.6,0
,江苏,南京,2015,10,11,16.1,22.7,9,0
,江苏,南京,2015,10,12,16.1,23.4,10.4,0
,江苏,南京,2015,10,13,16.7,24.5,10.2,0
,江苏,南京,2015,10,14,18.2,24.6,12.9,0
,江苏,南京,2015,10,15,18.7,25.9,12.2,0
,江苏,南京,2015,10,16,19.9,26.8,14.5,0
,江苏,南京,2015,10,17,20.1,25.6,16.6,0
,江苏,南京,2015,10,18,19.9,25,15.4,0
,江苏,南京,2015,10,19,19.6,24.1,15.6,0
,江苏,南京,2015,10,20,19.8,24.3,16.6,0
,江苏,南京,2015,10,21,20.6,25.2,17.3,0
,江苏,南京,2015,10,22,20.8,25.2,16.7,0
,江苏,南京,2015,10,23,20.4,25,17.9,0
,江苏,南京,2015,10,24,20.7,26.3,16.6,0
,江苏,南京,2015,10,25,20.3,23.3,18.5,0
,江苏,南京,2015,10,26,19.6,26.2,16.6,2
,江苏,南京,2015,10,27,15,19.4,12.4,1.3
,江苏,南京,2015,10,28,14,17.6,9.1,0.1
,江苏,南京,2015,10,29,15.1,18.1,12.7,1.6
,江苏,南京,2015,10,30,15.2,17.4,14.1,0
,江苏,南京,2015,10,31,14.2,18.1,10.9,0
,江苏,南京,2015,11,1,13.4,17.3,10.7,0
,江苏,南京,2015,11,2,12.2,18.7,6.6,0
,江苏,南京,2015,11,3,13.1,18.8,8.2,0
,江苏,南京,2015,11,4,15.6,19.4,12.4,0
,江苏,南京,2015,11,5,18,21.6,15.2,0.1
,江苏,南京,2015,11,6,22.2,29.1,18.4,1.8
,江苏,南京,2015,11,7,12.2,22.8,9.2,33.2
,江苏,南京,2015,11,8,9.7,10.7,8.9,0.5
,江苏,南京,2015,11,9,10.5,12,9.2,0
,江苏,南京,2015,11,10,11.6,15.6,7.5,0
,江苏,南京,2015,11,11,12.7,14.5,10.7,0
,江苏,南京,2015,11,12,13.4,14,12.8,11.6
,江苏,南京,2015,11,13,13.1,14,12.5,6.3
,江苏,南京,2015,11,14,13.3,16.7,10,0
,江苏,南京,2015,11,15,14.7,18.8,11.4,0
,江苏,南京,2015,11,16,14.7,16.2,13.7,19.4
,江苏,南京,2015,11,17,13.3,14.8,12.2,16.2
,江苏,南京,2015,11,18,12.4,13.9,11.4,2.2
,江苏,南京,2015,11,19,11.3,12.2,10.7,0.6
,江苏,南京,2015,11,20,12.8,14.7,10.9,0
,江苏,南京,2015,11,21,14.2,14.9,12.5,0
,江苏,南京,2015,11,22,15.9,17.6,13.9,0.4
,江苏,南京,2015,11,23,12.4,16.3,10.4,1.4
,江苏,南京,2015,11,24,7.5,12.7,2.2,11.5
,江苏,南京,2015,11,25,2.4,3,1.6,5.5
,江苏,南京,2015,11,26,0.1,2.8,-1.5,0
,江苏,南京,2015,11,27,0.9,6.4,-4.8,0
,江苏,南京,2015,11,28,7.4,13.6,1.8,0
,江苏,南京,2015,11,29,10.7,16.6,7.4,0
,江苏,南京,2015,11,30,10,15.8,4.3,0
,江苏,南京,2015,12,1,13.6,16.6,11.6,0
,江苏,南京,2015,12,2,10.8,14.5,8.9,4.1
,江苏,南京,2015,12,3,7.2,11.6,4.2,0
,江苏,南京,2015,12,4,5.2,11.3,-0.1,0
,江苏,南京,2015,12,5,5.5,7.7,3.9,0.4
,江苏,南京,2015,12,6,6,10.3,4,0
,江苏,南京,2015,12,7,5.9,12.4,1.3,0
,江苏,南京,2015,12,8,8.7,13.6,5.2,0
,江苏,南京,2015,12,9,9.4,10.7,7.9,1.1
,江苏,南京,2015,12,10,10.7,11.7,9.6,2
,江苏,南京,2015,12,11,7.7,11.4,5,0
,江苏,南京,2015,12,12,5.4,11.4,1.4,0
,江苏,南京,2015,12,13,6.6,8.1,4.9,0.2
,江苏,南京,2015,12,14,7.1,9.6,5.2,0
,江苏,南京,2015,12,15,7.6,10.7,5.1,0
,江苏,南京,2015,12,16,3.6,7.4,1.1,0
,江苏,南京,2015,12,17,0.8,5.6,-2.4,0
,江苏,南京,2015,12,18,1.4,7.6,-4.2,0
,江苏,南京,2015,12,19,4.8,8.3,1,0
,江苏,南京,2015,12,20,5.6,7.3,4.7,1.7
,江苏,南京,2015,12,21,4.3,8.6,-0.6,0
,江苏,南京,2015,12,22,8.1,11,5.6,0
,江苏,南京,2015,12,23,8,9.4,7.2,0
,江苏,南京,2015,12,24,8.2,8.9,7.8,2.8
,江苏,南京,2015,12,25,7.6,10.7,6.1,0
,江苏,南京,2015,12,26,6.4,14.3,0.9,0
,江苏,南京,2015,12,27,6,7.9,4.6,0
,江苏,南京,2015,12,28,4.3,7.8,2.2,0
,江苏,南京,2015,12,29,4.2,8.7,1.3,0
,江苏,南京,2015,12,30,4.7,10.4,-0.4,0
,江苏,南京,2015,12,31,3.8,9.3,-0.3,0
,江苏,南京,2016,1,1,5.2,11.4,0.2,0
,江苏,南京,2016,1,2,9.2,16.2,4.9,0
,江苏,南京,2016,1,3,11.3,17.7,7.3,0.1
,江苏,南京,2016,1,4,11,12.5,9.6,1
,江苏,南京,2016,1,5,7.9,9.7,7.4,17
,江苏,南京,2016,1,6,7.1,8.2,6,0
,江苏,南京,2016,1,7,5.2,7.3,4.3,0
,江苏,南京,2016,1,8,3.2,7.4,-1.3,0
,江苏,南京,2016,1,9,5.1,9.9,0.9,0
,江苏,南京,2016,1,10,7.4,9.6,5.8,0
,江苏,南京,2016,1,11,5,7.8,2.5,12.5
,江苏,南京,2016,1,12,1.2,2.5,0.4,1.2
,江苏,南京,2016,1,13,0,1.7,-1.7,0
,江苏,南京,2016,1,14,0.2,5,-3.6,0
,江苏,南京,2016,1,15,2.3,10.6,-3.5,0
,江苏,南京,2016,1,16,5.3,10.9,0.5,0
,江苏,南京,2016,1,17,6.7,10.6,3.9,1.6
,江苏,南京,2016,1,18,1.3,6.1,-0.6,0
,江苏,南京,2016,1,19,-1,4.2,-5.1,0
,江苏,南京,2016,1,20,0.3,2.8,-1.4,0
,江苏,南京,2016,1,21,0.2,1.3,-0.9,3.1
,江苏,南京,2016,1,22,0.5,1.7,-0.2,3.9
,江苏,南京,2016,1,23,-3.1,0.1,-5.6,2.5
,江苏,南京,2016,1,24,-6.7,-3,-9.8,0
,江苏,南京,2016,1,25,-3.2,2.5,-7.9,0
,江苏,南京,2016,1,26,-0.3,7.2,-7,0
,江苏,南京,2016,1,27,3.1,7.1,-0.4,0
,江苏,南京,2016,1,28,4.3,5.4,2.8,3.6
,江苏,南京,2016,1,29,4.1,5.5,3.4,10.7
,江苏,南京,2016,1,30,3,5.8,2.1,0
,江苏,南京,2016,1,31,0.2,3.2,-1.4,5.6
,江苏,南京,2016,2,1,-1.3,1.8,-3.4,0.2
,江苏,南京,2016,2,2,-0.4,5,-4.2,0
,江苏,南京,2016,2,3,1.1,7.4,-3.6,0
,江苏,南京,2016,2,4,2.2,6.6,-0.9,0
,江苏,南京,2016,2,5,3.2,9.5,-2.2,0
,江苏,南京,2016,2,6,2.8,7.3,-1,0
,江苏,南京,2016,2,7,3.8,11,-3.1,0
,江苏,南京,2016,2,8,6.7,17.1,-2.1,0
,江苏,南京,2016,2,9,10.1,20.6,2.9,0
,江苏,南京,2016,2,10,14.3,23.5,8.4,0
,江苏,南京,2016,2,11,13.7,18.2,11.9,6.4
,江苏,南京,2016,2,12,14.8,17.5,12.7,0
,江苏,南京,2016,2,13,9.4,15.5,4.9,16.4
,江苏,南京,2016,2,14,2.4,5.7,-0.1,1.8
,江苏,南京,2016,2,15,2,6.8,-2.5,0
,江苏,南京,2016,2,16,4.1,9.4,-1.9,0
,江苏,南京,2016,2,17,5.6,13,-1.4,0
,江苏,南京,2016,2,18,8.2,16.3,1.7,0
,江苏,南京,2016,2,19,10.1,14.7,5.6,0
,江苏,南京,2016,2,20,8.2,12.5,3.3,0
,江苏,南京,2016,2,21,5.9,10.7,1.6,0.1
,江苏,南京,2016,2,22,5.5,7.4,4.6,6.2
,江苏,南京,2016,2,23,7.5,10.3,5.6,0
,江苏,南京,2016,2,24,5.2,10,1.4,0
,江苏,南京,2016,2,25,6.4,13.1,1.2,0
,江苏,南京,2016,2,26,10.1,17.9,3.5,0
,江苏,南京,2016,2,27,13.2,20,5.7,0
,江苏,南京,2016,2,28,11.6,16.5,7,0
,江苏,南京,2016,2,29,6.5,12,2,0
,江苏,南京,2016,3,1,5.7,12.4,0.5,0
,江苏,南京,2016,3,2,10.8,18.7,4.7,0
,江苏,南京,2016,3,3,13.4,17.9,11.1,0.2
,江苏,南京,2016,3,4,16,20.7,12.3,0.6
,江苏,南京,2016,3,5,16.5,22.9,12.2,0
,江苏,南京,2016,3,6,11.7,13.6,9.4,0
,江苏,南京,2016,3,7,14.4,20.6,10.9,0
,江苏,南京,2016,3,8,6.8,14.4,3.7,20.7
,江苏,南京,2016,3,9,3.9,6.5,1.9,10.2
,江苏,南京,2016,3,10,4.3,8,2.2,0
,江苏,南京,2016,3,11,5.2,10.5,1,0
,江苏,南京,2016,3,12,7.4,13.4,2.1,0
,江苏,南京,2016,3,13,9.1,11.9,8.3,0
,江苏,南京,2016,3,14,8.2,13.8,2.3,0
,江苏,南京,2016,3,15,8.7,13.2,4.4,0
,江苏,南京,2016,3,16,12.7,18.9,7.2,0
,江苏,南京,2016,3,17,14,18.4,10.4,0
,江苏,南京,2016,3,18,15.4,18.4,13,0
,江苏,南京,2016,3,19,15.5,19.8,13.7,0.6
,江苏,南京,2016,3,20,13.8,18.7,9.7,0
,江苏,南京,2016,3,21,11.5,17.3,6.5,0
,江苏,南京,2016,3,22,12.9,18.3,8.4,0
,江苏,南京,2016,3,23,11.5,15.3,9.5,0
,江苏,南京,2016,3,24,8.5,12.3,4.5,0
,江苏,南京,2016,3,25,9.9,14.4,4.6,0
,江苏,南京,2016,3,26,9.3,14.7,3.9,0
,江苏,南京,2016,3,27,11.2,17.2,6,0
,江苏,南京,2016,3,28,13.1,20.7,5.8,0
,江苏,南京,2016,3,29,15.4,20.9,10.3,0
,江苏,南京,2016,3,30,15.5,19.4,13.4,0.9
,江苏,南京,2016,3,31,14.6,18.7,12,6.8
,江苏,南京,2016,4,1,16.6,24.1,9.6,0
,江苏,南京,2016,4,2,16.3,18.8,15.1,19.7
,江苏,南京,2016,4,3,11.7,17.1,10.2,12.6
,江苏,南京,2016,4,4,13.4,17.4,9.8,0
,江苏,南京,2016,4,5,15.9,20.1,12.6,0
,江苏,南京,2016,4,6,12.9,17.2,11.8,43.6
,江苏,南京,2016,4,7,14,19,10.3,0.9
,江苏,南京,2016,4,8,17.9,23.9,11.7,0
,江苏,南京,2016,4,9,19.9,24.9,15.6,0
,江苏,南京,2016,4,10,20.1,25.3,15.9,0
,江苏,南京,2016,4,11,17.2,21.1,13.2,0
,江苏,南京,2016,4,12,18.9,24.1,15,0
,江苏,南京,2016,4,13,21.4,27.6,16.1,0
,江苏,南京,2016,4,14,21.6,27.8,17.2,0
,江苏,南京,2016,4,15,20.4,24.1,16,0
,江苏,南京,2016,4,16,17.1,21.3,15.6,16.7
,江苏,南京,2016,4,17,15.2,19,11.2,0.4
,江苏,南京,2016,4,18,16,22.2,10.5,2.1
,江苏,南京,2016,4,19,17.9,23.7,11.9,0
,江苏,南京,2016,4,20,16,19,14.9,35.6
,江苏,南京,2016,4,21,19.5,25.3,15.3,9.6
,江苏,南京,2016,4,22,20.8,26.2,15.4,0
,江苏,南京,2016,4,23,16.6,22.3,14.9,6
,江苏,南京,2016,4,24,16.2,17.8,14.6,0
,江苏,南京,2016,4,25,16.2,18.8,15.3,0
,江苏,南京,2016,4,26,14.5,15.7,13.1,4
,江苏,南京,2016,4,27,14.6,18.4,11.3,4.2
,江苏,南京,2016,4,28,18.1,24,13.9,0
,江苏,南京,2016,4,29,19.9,25.6,13.8,0
,江苏,南京,2016,4,30,21.7,28.4,14.9,0
,江苏,南京,2016,5,1,23.5,30.2,16.8,0
,江苏,南京,2016,5,2,22.1,24.3,20.3,10.3
,江苏,南京,2016,5,3,20.3,25.3,14.9,1.6
,江苏,南京,2016,5,4,22.1,29.2,14.1,0
,江苏,南京,2016,5,5,21.3,23.8,19.6,3.6
,江苏,南京,2016,5,6,23.5,31.2,19.6,0
,江苏,南京,2016,5,7,17.2,22.6,13.4,0
,江苏,南京,2016,5,8,14.7,16,13.5,1.7
,江苏,南京,2016,5,9,15.4,17.1,13.6,3.8
,江苏,南京,2016,5,10,17.3,22.7,13.7,8.6
,江苏,南京,2016,5,11,19.7,26.2,13.1,0
,江苏,南京,2016,5,12,23.2,31.4,15.8,0
,江苏,南京,2016,5,13,17.9,25.5,16.7,0
,江苏,南京,2016,5,14,21.3,27.7,15.5,0
,江苏,南京,2016,5,15,16.7,23.6,14.4,28.9
,江苏,南京,2016,5,16,18.8,24.6,14.3,0.1
,江苏,南京,2016,5,17,19.3,24.7,12.9,0
,江苏,南京,2016,5,18,20,25.2,14.6,0
,江苏,南京,2016,5,19,21.8,27.3,16.2,0
,江苏,南京,2016,5,20,18.6,22.9,14.7,8.9
,江苏,南京,2016,5,21,17.7,18.2,14.8,25.8
,江苏,南京,2016,5,22,17,18.8,16.1,0.5
,江苏,南京,2016,5,23,18.9,23.1,16.1,0
,江苏,南京,2016,5,24,21.8,26.7,17.6,0
,江苏,南京,2016,5,25,23.5,29.8,17.3,0
,江苏,南京,2016,5,26,23.9,26.4,22.6,2
,江苏,南京,2016,5,27,19.4,23.2,18.7,21.7
,江苏,南京,2016,5,28,19.2,20.8,18.3,1.3
,江苏,南京,2016,5,29,20.5,24.1,18,0.1
,江苏,南京,2016,5,30,23.1,27.2,18.1,0
,江苏,南京,2016,5,31,24.2,29.3,21.1,0.7
,江苏,南京,2016,6,1,20.5,23.9,19.7,35.7
,江苏,南京,2016,6,2,19.7,21.2,16.3,0
,江苏,南京,2016,6,3,18.7,20.8,17.7,11.2
,江苏,南京,2016,6,4,19.4,23,17.8,0.8
,江苏,南京,2016,6,5,20.2,25.4,15.7,0
,江苏,南京,2016,6,6,22.6,25.9,19.2,0
,江苏,南京,2016,6,7,23.9,28.2,19.9,0
,江苏,南京,2016,6,8,21.8,23.9,21.5,6.7
,江苏,南京,2016,6,9,22,25.3,19.7,0
,江苏,南京,2016,6,10,24.4,28.9,20.6,0
,江苏,南京,2016,6,11,27.3,31.3,23.2,0
,江苏,南京,2016,6,12,24,27.7,22.2,11.6
,江苏,南京,2016,6,13,25.1,29.8,20.1,0
,江苏,南京,2016,6,14,27.5,32,22.2,0
,江苏,南京,2016,6,15,26.6,29.5,23.5,0
,江苏,南京,2016,6,16,25.2,29.5,22,0.2
,江苏,南京,2016,6,17,25.8,30.9,19.8,0
,江苏,南京,2016,6,18,28,32.4,22.4,0
,江苏,南京,2016,6,19,28,30.3,26.4,0
,江苏,南京,2016,6,20,25.1,28.4,23.4,4.5
,江苏,南京,2016,6,21,26.2,28.7,24.2,1.1
,江苏,南京,2016,6,22,27.6,30.4,24.7,28.8
,江苏,南京,2016,6,23,29.8,34.9,25,0
,江苏,南京,2016,6,24,25.1,32.3,21.3,39.7
,江苏,南京,2016,6,25,20.9,21.9,19.6,9.6
,江苏,南京,2016,6,26,22.5,27.6,18.4,0
,江苏,南京,2016,6,27,20.9,23.4,20.1,33.5
,江苏,南京,2016,6,28,21.9,23.1,20.5,2.8
,江苏,南京,2016,6,29,25.1,30.2,21.1,0
,江苏,南京,2016,6,30,28.5,31.8,24.2,0
,江苏,南京,2016,7,1,24.2,26.7,22.8,116.8
,江苏,南京,2016,7,2,22.9,23.8,22.1,35.7
,江苏,南京,2016,7,3,23.4,24.6,22.8,16.7
,江苏,南京,2016,7,4,24.5,27,22.7,71.1
,江苏,南京,2016,7,5,24,25.6,22.8,70.9
,江苏,南京,2016,7,6,24.9,27.2,23.6,2.3
,江苏,南京,2016,7,7,26,31.4,22.4,66
,江苏,南京,2016,7,8,27.8,31.3,24.9,0
,江苏,南京,2016,7,9,27.1,29.4,24.5,0
,江苏,南京,2016,7,10,26.5,29,24.7,0
,江苏,南京,2016,7,11,26.9,29.2,25.5,0
,江苏,南京,2016,7,12,28.7,33.9,25.3,0
,江苏,南京,2016,7,13,28.6,33,26.8,8.5
,江苏,南京,2016,7,14,26.5,27.9,26.1,60
,江苏,南京,2016,7,15,27,32,25.2,29.3
,江苏,南京,2016,7,16,24.9,27.6,21.8,0
,江苏,南京,2016,7,17,27.3,31.8,22.7,0
,江苏,南京,2016,7,18,28.8,31.9,26,0
,江苏,南京,2016,7,19,28.2,31.9,25.7,0
,江苏,南京,2016,7,20,30.8,35.1,26.5,0
,江苏,南京,2016,7,21,32.1,35.3,27.1,0
,江苏,南京,2016,7,22,33,37.2,29.4,0
,江苏,南京,2016,7,23,33.4,37.4,28.1,0
,江苏,南京,2016,7,24,33.5,37.8,28.7,0
,江苏,南京,2016,7,25,33.7,38.4,29.5,0
,江苏,南京,2016,7,26,33.9,38.3,29,0
,江苏,南京,2016,7,27,33.5,38.4,30.3,0
,江苏,南京,2016,7,28,33.8,38.5,29.7,0
,江苏,南京,2016,7,29,34.2,37.8,29.6,0
,江苏,南京,2016,7,30,33,37.6,29.7,0
,江苏,南京,2016,7,31,31.5,35.4,28.1,0
,江苏,南京,2016,8,1,31,34.9,27.1,0
,江苏,南京,2016,8,2,29.7,35.8,28.2,3.3
,江苏,南京,2016,8,3,26.7,30.6,24.5,20.6
,江苏,南京,2016,8,4,26.9,31.6,24.9,17.5
,江苏,南京,2016,8,5,28.2,32.5,25.9,0
,江苏,南京,2016,8,6,28.8,34.2,26,17.9
,江苏,南京,2016,8,7,29.9,33.9,26.4,0
,江苏,南京,2016,8,8,30,33.5,25.9,0
,江苏,南京,2016,8,9,29.8,33.7,26.3,0
,江苏,南京,2016,8,10,29.8,33.1,27.2,0.2
,江苏,南京,2016,8,11,30.9,34.5,27.5,0
,江苏,南京,2016,8,12,31,35,26.6,0
,江苏,南京,2016,8,13,31.6,35.5,27.8,0
,江苏,南京,2016,8,14,31.7,35.6,27.8,0
,江苏,南京,2016,8,15,31.3,36,27.3,0
,江苏,南京,2016,8,16,31.3,35.4,27.7,0
,江苏,南京,2016,8,17,30.5,34.7,26.8,0
,江苏,南京,2016,8,18,31.1,36,26.4,0
,江苏,南京,2016,8,19,32.4,36.7,28.4,0
,江苏,南京,2016,8,20,30.3,35.7,29.6,0.2
,江苏,南京,2016,8,21,28.2,32,26.4,19
,江苏,南京,2016,8,22,30,34.2,27.6,0
,江苏,南京,2016,8,23,29.6,33.1,26.8,0
,江苏,南京,2016,8,24,29.3,34.4,25,0
,江苏,南京,2016,8,25,29.4,34.3,24.8,0
,江苏,南京,2016,8,26,25.9,27.9,24.3,0
,江苏,南京,2016,8,27,24.6,29.3,21.5,0
,江苏,南京,2016,8,28,25.3,31.3,19.4,0
,江苏,南京,2016,8,29,25.2,30.4,20.4,0
,江苏,南京,2016,8,30,25.1,31,20.4,0
,江苏,南京,2016,8,31,25.7,31.2,19.4,0
,江苏,南京,2016,9,1,28.1,33.2,21.5,0
,江苏,南京,2016,9,2,28.5,34.7,23.4,0
,江苏,南京,2016,9,3,28.4,34.3,21.9,0
,江苏,南京,2016,9,4,27.8,32,25.1,0
,江苏,南京,2016,9,5,28.2,32.7,23.9,0
,江苏,南京,2016,9,6,23.6,25.9,23.2,0.8
,江苏,南京,2016,9,7,22.3,26.7,19.5,2.7
,江苏,南京,2016,9,8,24.7,30.6,20.3,0
,江苏,南京,2016,9,9,26.9,32.4,21.8,0
,江苏,南京,2016,9,10,26.2,31.2,23.9,0
,江苏,南京,2016,9,11,23.6,26.6,23.2,0
,江苏,南京,2016,9,12,24.5,30.1,19.6,0
,江苏,南京,2016,9,13,26.2,31.4,21.7,0
,江苏,南京,2016,9,14,23.1,27.9,21.4,0
,江苏,南京,2016,9,15,21.9,22.9,21,39
,江苏,南京,2016,9,16,22,22.5,21.6,67.2
,江苏,南京,2016,9,17,24.1,28.2,21.3,0
,江苏,南京,2016,9,18,23.6,28.3,19.9,0
,江苏,南京,2016,9,19,22.4,26.4,19.1,0
,江苏,南京,2016,9,20,21.2,26.3,17.2,0
,江苏,南京,2016,9,21,20.7,24.4,18.3,0
,江苏,南京,2016,9,22,22.6,27.4,18.4,0
,江苏,南京,2016,9,23,22.8,28.4,19,0
,江苏,南京,2016,9,24,24,29.1,19.5,0
,江苏,南京,2016,9,25,24.6,29.4,21.4,0
,江苏,南京,2016,10,8,19.5,23,17.6,0.4
,江苏,南京,2016,10,9,17.2,20.7,13.4,0
,江苏,南京,2016,10,10,17.7,21.6,14.1,0
,江苏,南京,2016,10,12,17.8,20.1,15.4,1.2
,江苏,南京,2016,10,13,17.7,18.8,17.6,0.5
,江苏,南京,2016,10,14,17,18.7,15.4,0.5
,江苏,南京,2016,10,15,18.6,21.3,16.3,12.6
,江苏,南京,2016,10,16,20.1,22.7,19,0
,江苏,南京,2016,10,17,19.5,22.5,17.3,0
,江苏,南京,2016,10,18,20.7,23.7,18.5,0
,江苏,南京,2016,10,19,20.1,21.8,19.2,0
,江苏,南京,2016,10,20,19.8,20.4,19.1,22.3
,江苏,南京,2016,10,21,20.4,21.3,19,19.7
,江苏,南京,2016,10,22,20.6,21.1,20.5,61.5
,江苏,南京,2016,10,23,16.5,20.5,15.9,1.5
,江苏,南京,2016,10,24,99999.9,22.2,16.1,0
,江苏,南京,2016,10,25,15,19.1,14,0.4
,江苏,南京,2016,10,26,16.3,18.1,15,71.6
,江苏,南京,2016,10,27,15.8,17,14.4,30.1
,江苏,南京,2016,10,28,14.2,17,12.8,7.5
,江苏,南京,2016,10,30,12.7,17.4,8.8,0.4
,江苏,南京,2016,10,31,12.8,14.5,12.5,16.5
,江苏,南京,2016,11,1,11,14.7,8.8,0
,江苏,南京,2016,11,2,11.2,16.8,8.7,0
,江苏,南京,2016,11,3,11.5,18.6,6.7,0
,江苏,南京,2016,11,4,13.6,20.6,8.4,0
,江苏,南京,2016,11,5,15.6,23.8,10,0
,江苏,南京,2016,11,6,16.9,22.6,11.9,0
,江苏,南京,2016,11,7,16,17.8,15.8,14.6
,江苏,南京,2016,11,8,10,14.4,9,4
,江苏,南京,2016,11,9,9.4,12.2,6.9,0
,江苏,南京,2016,11,10,10,13.4,8,0.5
,江苏,南京,2016,11,11,12,18.3,6.3,0
,江苏,南京,2016,11,12,13.4,18.4,10.3,0
,江苏,南京,2016,11,13,16.3,21,11.7,0
,江苏,南京,2016,11,14,17,22,13.9,0
,江苏,南京,2016,11,15,14.5,18.2,12.9,0
,江苏,南京,2016,11,16,13.3,16.8,10.1,0
,江苏,南京,2016,11,17,13.8,14.5,13.1,12.6
,江苏,南京,2016,11,18,15.6,17.3,13.8,13.3
,江苏,南京,2016,11,19,17.3,18,16.5,0.2
,江苏,南京,2016,11,20,15.5,17.2,15.2,1.1
,江苏,南京,2016,11,21,15,16.4,14,19.7
,江苏,南京,2016,11,22,6.4,14.8,4.4,3.8
,江苏,南京,2016,11,23,0.4,2,0,10.2
,江苏,南京,2016,11,24,0.7,3.8,-2,0
,江苏,南京,2016,11,25,4.5,7.1,1.3,0
,江苏,南京,2016,11,26,5.5,9.7,4,14.6
,江苏,南京,2016,11,27,6.9,14,2.5,0
,江苏,南京,2016,11,28,7.4,13,3.4,0
,江苏,南京,2016,11,29,8.2,11.4,5.2,0
,江苏,南京,2016,11,30,9,12,7.1,0.8
,江苏,南京,2016,12,1,9.2,14.9,4.1,0
,江苏,南京,2016,12,2,9.6,13.8,6.2,0
,江苏,南京,2016,12,3,9.8,14.6,5.8,0
,江苏,南京,2016,12,4,11.8,17.6,8.5,0.9
,江苏,南京,2016,12,5,10.9,19.5,5.8,0
,江苏,南京,2016,12,6,6.4,11.1,2.3,0
,江苏,南京,2016,12,7,8.1,15.4,2.5,0
,江苏,南京,2016,12,8,10.1,17.7,4.3,0
,江苏,南京,2016,12,9,9.6,13.1,6.3,0
,江苏,南京,2016,12,10,8.6,12,6.3,0
,江苏,南京,2016,12,11,8.5,12.1,5.5,0
,江苏,南京,2016,12,12,10.9,14.4,8.1,0.3
,江苏,南京,2016,12,13,9.5,11.9,9.4,11
,江苏,南京,2016,12,14,4,7.7,2.7,0.1
,江苏,南京,2016,12,15,2.4,7.6,-1.1,0
,江苏,南京,2016,12,16,3.2,9.5,0,0
,江苏,南京,2016,12,17,4.8,12.5,-0.4,0
,江苏,南京,2016,12,18,8.2,15.1,3.3,0
,江苏,南京,2016,12,19,11.7,17.8,6.1,0
,江苏,南京,2016,12,20,10.3,12.5,8.2,5.2
,江苏,南京,2016,12,21,10.1,11.6,10.2,28.1
,江苏,南京,2016,12,22,8.1,11.1,7,0
,江苏,南京,2016,12,23,5.9,10.9,2.7,0
,江苏,南京,2016,12,24,5.8,7.9,3.5,0
,江苏,南京,2016,12,25,8,9.2,7,11.4
,江苏,南京,2016,12,26,7.5,9.2,7.6,8.8
,江苏,南京,2016,12,27,3.6,5.7,2.9,0
,江苏,南京,2016,12,28,1.5,5.7,-2.5,0
,江苏,南京,2016,12,29,1.7,6.4,-0.8,0
,江苏,南京,2016,12,30,3.1,8.9,-0.4,0
,江苏,南京,2016,12,31,4.9,12.1,-0.1,0
,江苏,南京,2017,1,1,8.3,12.6,4.2,0
,江苏,南京,2017,1,2,9.9,14,8.5,0
,江苏,南京,2017,1,12,6.4,9.6,5,0
,江苏,南京,2017,1,13,5.5,11.5,1.7,0
,江苏,南京,2017,1,14,3.3,7.4,-0.4,0
,江苏,南京,2017,1,15,2.8,6.3,0.5,0
,江苏,南京,2017,1,16,2.8,7.2,-0.7,0
,江苏,南京,2017,1,17,4.7,7.6,2,0
,江苏,南京,2017,1,18,5.8,6.7,5.5,3.7
,江苏,南京,2017,1,19,6,7,4.9,0.1
,江苏,南京,2017,1,20,1,6.1,-0.9,0
,江苏,南京,2017,1,21,1.3,7.6,-4.6,0
,江苏,南京,2017,1,22,2.2,7.2,-2.1,0
,江苏,南京,2017,1,23,2.4,7.4,-1.4,0
,江苏,南京,2017,1,24,3.5,8.2,-0.7,0
,江苏,南京,2017,1,25,5.6,10.4,2.8,0
,江苏,南京,2017,1,26,6.5,15.1,0.7,0
,江苏,南京,2017,1,27,6,8.9,3.3,0
,江苏,南京,2017,1,28,7.9,14,2.9,0
,江苏,南京,2017,1,29,7.7,10,7.6,0.4
,江苏,南京,2017,1,30,1.2,5.2,-1.1,0
,江苏,南京,2017,1,31,1.7,5.9,-2.5,0
,江苏,南京,2017,2,1,2.5,5.2,1.4,0
,江苏,南京,2017,2,2,3.3,6.7,0.3,0
,江苏,南京,2017,2,3,4.5,5.4,3.6,3
,江苏,南京,2017,2,4,6.2,8.1,4.8,0.1
,江苏,南京,2017,2,5,7.6,11.9,6.3,0
,江苏,南京,2017,2,6,6,9.7,3.2,0
,江苏,南京,2017,2,7,4.2,7.2,1,0
,江苏,南京,2017,2,8,1.8,5.9,1.2,6.3
,江苏,南京,2017,2,9,2.3,5.8,-0.1,0
,江苏,南京,2017,2,10,2.6,6.7,-2.3,0
,江苏,南京,2017,2,11,3.3,9.6,-3,0
,江苏,南京,2017,2,12,4.6,13,-2.3,0
,江苏,南京,2017,2,13,7.7,16.2,1.6,0
,江苏,南京,2017,2,14,9.8,15.6,5.4,0
,江苏,南京,2017,2,15,10.3,18.4,4.9,0
,江苏,南京,2017,2,16,12.6,21.2,7.5,1.2
,江苏,南京,2017,2,17,8.3,15,7.4,0
,江苏,南京,2017,2,18,7.2,14.2,2.2,0
,江苏,南京,2017,2,19,12,21.9,4.4,0
,江苏,南京,2017,2,20,8.7,16.9,5.4,2.9
,江苏,南京,2017,2,21,4.8,8,1.7,0.1
,江苏,南京,2017,2,22,3.4,7.7,2,25.2
,江苏,南京,2017,2,23,3.5,7.1,0.8,0
,江苏,南京,2017,2,24,5.3,11.2,0.6,0
,江苏,南京,2017,2,25,6.7,13.3,0.4,0
,江苏,南京,2017,2,26,9.2,15.3,5.1,0
,江苏,南京,2017,2,27,9.3,16,4.7,0
,江苏,南京,2017,2,28,10.8,16.6,5.3,0
,江苏,南京,2017,3,1,10.9,16.5,7.4,0.1
,江苏,南京,2017,3,2,6.2,12,-0.3,0
,江苏,南京,2017,3,3,9,16,1.9,0
,江苏,南京,2017,3,4,12.2,18.8,4.8,0
,江苏,南京,2017,3,5,13,16.7,9.8,1.2
,江苏,南京,2017,3,6,8.6,14.5,4.3,0
,江苏,南京,2017,3,7,9.3,15.8,2.5,0
,江苏,南京,2017,3,8,8.6,14.4,2.4,0
,江苏,南京,2017,3,9,10.5,18.6,2.9,0
,江苏,南京,2017,3,10,13.8,19.1,10.1,0
,江苏,南京,2017,3,11,12.7,18.5,9.2,0
,江苏,南京,2017,3,12,11.7,14.9,10.5,6.9
,江苏,南京,2017,3,13,99999.9,11.6,8.6,1.2
,江苏,南京,2017,3,14,8.5,13.6,2.3,0
,江苏,南京,2017,3,15,9.9,15.2,4,0
,江苏,南京,2017,3,16,10.3,13.6,8,0
,江苏,南京,2017,3,17,9.8,14.3,5.4,0
,江苏,南京,2017,3,18,9.6,11.6,7.9,0.7
,江苏,南京,2017,3,19,9.2,11.1,7.9,1.3
,江苏,南京,2017,3,20,9,10.3,8.4,8
,江苏,南京,2017,3,21,10.9,15.6,8,0.2
,江苏,南京,2017,3,22,7.5,11.6,7.2,6.4
,江苏,南京,2017,3,23,7.9,9.1,6.9,0.3
,江苏,南京,2017,3,24,7.8,9.3,6.7,13.3
,江苏,南京,2017,3,25,10.5,14.9,5.7,0
,江苏,南京,2017,3,26,12,18.5,5.5,0
,江苏,南京,2017,3,27,99999.9,21.7,4.5,0
,江苏,南京,2017,3,28,15.7,22.1,10.3,0
,江苏,南京,2017,3,29,12.9,19,9.1,0
,江苏,南京,2017,3,30,10.5,13.6,9.4,6.5
,江苏,南京,2017,3,31,11.5,16.4,7.3,5.6
,江苏,南京,2017,4,1,12.6,18.7,6.3,0
,江苏,南京,2017,4,2,15.4,22.7,7.8,0
,江苏,南京,2017,4,3,17.2,24.5,10,0
,江苏,南京,2017,4,4,17.5,21.5,14.4,0
,江苏,南京,2017,4,5,16.7,19.3,14.1,2.4
,江苏,南京,2017,4,6,15.8,18.1,14.8,16.6
,江苏,南京,2017,4,7,16,18.9,13.7,0.3
,江苏,南京,2017,4,8,17.5,21.2,15.3,0
,江苏,南京,2017,4,9,11.6,18.6,10.7,47.8
,江苏,南京,2017,4,10,8.2,11.6,7.3,13.3
,江苏,南京,2017,4,11,11.1,16.2,7.5,1
,江苏,南京,2017,4,12,14.8,20,11.1,0
,江苏,南京,2017,4,13,16.3,23.9,8.6,0
,江苏,南京,2017,4,14,20.3,27.6,12.6,0
,江苏,南京,2017,4,15,22.2,29.5,14.1,0
,江苏,南京,2017,4,16,23.5,30.1,18.9,23.6
,江苏,南京,2017,4,17,21.1,25.2,17.4,10.8
,江苏,南京,2017,4,18,99999.9,27.2,17.5,0
,江苏,南京,2017,4,19,19.9,27,13.6,0
,江苏,南京,2017,4,20,19.5,21.8,18,0.1
,江苏,南京,2017,4,21,19.5,23,16.5,0
,江苏,南京,2017,4,22,16.8,22.3,11.3,0
,江苏,南京,2017,4,23,18.1,23.9,11.7,0
,江苏,南京,2017,4,24,20.1,27.5,13,0
,江苏,南京,2017,4,25,19.8,23,17.9,0.8
,江苏,南京,2017,4,26,17.1,19.4,15.6,1.2
,江苏,南京,2017,4,27,17.1,22.6,12.5,0
,江苏,南京,2017,4,28,19,26.1,10.7,0
,江苏,南京,2017,4,29,22.5,28.9,15.6,0
,江苏,南京,2017,4,30,22.7,29.3,14.3,0
,江苏,南京,2017,5,1,22.6,29.5,18.5,0
,江苏,南京,2017,5,2,17.5,21.2,16,4.9
,江苏,南京,2017,5,3,19,22,16.8,0
,江苏,南京,2017,5,4,19,20.5,18,24.5
,江苏,南京,2017,5,5,20.7,25.6,17.8,0
,江苏,南京,2017,5,6,20.7,25.3,16.9,0
,江苏,南京,2017,5,7,22.5,26.6,19.2,0
,江苏,南京,2017,5,8,16.6,22.3,14.3,7.9
,江苏,南京,2017,5,9,18.9,24.3,14.7,0.1
,江苏,南京,2017,5,10,99999.9,31.6,15,99999.9
,江苏,南京,2017,5,11,99999.9,31.7,19.1,3.5
,江苏,南京,2017,5,12,21,24.6,18,28.6
,江苏,南京,2017,5,13,99999.9,31.9,16.6,0
,江苏,南京,2017,5,14,23.7,28.3,19.9,0
,江苏,南京,2017,5,15,20,23.1,18,0
,江苏,南京,2017,5,16,21.4,25.4,16.8,0
,江苏,南京,2017,5,17,21.9,27.6,15.5,0
,江苏,南京,2017,5,18,23.5,30,17.2,0
,江苏,南京,2017,5,19,22.6,26.4,19.2,0
,江苏,南京,2017,5,20,24.6,31,18.7,0
,江苏,南京,2017,5,21,24.6,29.7,20.2,0
,江苏,南京,2017,5,22,24.9,30,20.1,0
,江苏,南京,2017,5,23,21.5,25.8,21.3,14.1
,江苏,南京,2017,5,24,20.8,25.2,17.3,0.3
,江苏,南京,2017,5,25,23.4,30.1,16.1,0
,江苏,南京,2017,5,26,23.8,29.3,17.1,0
,江苏,南京,2017,5,27,26.1,33,19.6,0
,江苏,南京,2017,5,28,27.1,33.8,20.3,0
,江苏,南京,2017,5,29,26.6,33.3,19.7,0
,江苏,南京,2017,5,30,26,30.3,21.3,0
,江苏,南京,2017,5,31,28.2,33,23.6,0
,江苏,南京,2017,6,1,29.6,33.9,24.8,0
,江苏,南京,2017,6,2,26.4,30.9,22.4,0
,江苏,南京,2017,6,3,26.3,32,21.5,0
,江苏,南京,2017,6,4,24.6,29.9,18.9,0
,江苏,南京,2017,6,5,19,26.1,16.2,21.4
,江苏,南京,2017,6,6,20.4,23.7,16.1,3.1
,江苏,南京,2017,6,7,23,28.4,18.3,0
,江苏,南京,2017,6,8,99999.9,30.4,19.5,0
,江苏,南京,2017,6,9,27,32.4,22.5,0
,江苏,南京,2017,6,10,22.7,25,21.4,245.3
,江苏,南京,2017,6,11,24.7,29,21.6,0.4
,江苏,南京,2017,6,30,99999.9,27.8,24.2,22.6
,江苏,南京,2017,7,1,99999.9,24.8,23.2,9.4
,江苏,南京,2017,7,2,99999.9,24.6,23,35.7
,江苏,南京,2017,7,3,99999.9,30.6,23.2,5.9
,江苏,南京,2017,7,4,99999.9,33,24.9,0
,江苏,南京,2017,7,5,99999.9,32.2,26.2,2.7
,江苏,南京,2017,7,6,29.5,34,26.1,0
,江苏,南京,2017,7,7,99999.9,32,28.1,0.2
,江苏,南京,2017,7,8,28.7,31,26.1,0.4
,江苏,南京,2017,7,9,99999.9,30.5,26.5,3.7
,江苏,南京,2017,7,10,99999.9,29.9,23.2,37.9
,江苏,南京,2017,7,11,99999.9,33.8,24,0
,江苏,南京,2017,7,12,99999.9,35.6,27.3,0
,江苏,南京,2017,7,13,99999.9,34.7,28.2,0
,江苏,南京,2017,7,14,99999.9,34.5,27,0
,江苏,南京,2017,7,15,99999.9,36.5,26.3,0
,江苏,南京,2017,7,16,99999.9,36.3,27.8,0
,江苏,南京,2017,7,17,99999.9,36.7,27.9,0
,江苏,南京,2017,7,18,99999.9,36.1,28.6,0
,江苏,南京,2017,7,19,32.6,35.9,28.9,0
,江苏,南京,2017,7,20,99999.9,36.7,28,0
,江苏,南京,2017,7,21,99999.9,37.6,29.6,0
,江苏,南京,2017,7,22,99999.9,38.5,28.8,0
,江苏,南京,2017,7,23,99999.9,39.1,28.9,0
,江苏,南京,2017,7,24,99999.9,40,28,0
,江苏,南京,2017,7,25,99999.9,39.4,29.4,0
,江苏,南京,2017,7,26,99999.9,38.1,28.8,0
,江苏,南京,2017,7,27,99999.9,39.4,29.7,0
,江苏,南京,2017,7,28,33.8,38.2,29.5,0
,江苏,南京,2017,7,29,99999.9,36.1,28.9,3.7
,江苏,南京,2017,7,30,99999.9,34.1,27.6,0
,江苏,南京,2017,7,31,99999.9,36,27.5,0
,江苏,南京,2017,8,31,99999.9,22.4,19.7,3.2
,江苏,南京,2017,9,1,99999.9,27.8,19.7,1.1
,江苏,南京,2017,9,2,99999.9,24.9,21,0
,江苏,南京,2017,9,3,99999.9,24.2,21.2,9.8
,江苏,南京,2017,9,4,99999.9,25.4,19.6,5.3
,江苏,南京,2017,9,5,99999.9,29,22.2,0
,江苏,南京,2017,9,6,23.6,25.9,22.8,4
,江苏,南京,2017,9,7,99999.9,28.1,21.4,0
,江苏,南京,2017,9,8,99999.9,29.6,20,0
,江苏,南京,2017,9,9,99999.9,26.5,23.3,0
,江苏,南京,2017,9,10,25.9,30,23.6,5.6
,江苏,南京,2017,9,11,99999.9,25.9,21.7,1
,江苏,南京,2017,9,12,99999.9,28.8,19.1,0
