date,0_days_air,10_days_air,10_days_grain,11_days_air,11_days_grain,12_days_air,12_days_grain,13_days_air,13_days_grain,14_days_air,14_days_grain,1_days_air,2_days_air,3_days_air,4_days_air,5_days_air,6_days_air,7_days_air,8_days_air,9_days_air,air_average,grain_average
2015-09-25,20.9,20.6,24.24,21.41,23.29,21.41,24.11,21.41,24.87,21.41,24.13,21.5,21.9,21.5,22.0,22.5,21.9,20.3,20.6,21.8,22.5,24.65842056274414
2015-09-27,21.8,20.6,23.88,21.8,23.88,20.6,24.24,21.52,23.29,21.52,24.11,22.5,20.9,21.5,21.9,21.5,22.0,22.5,21.9,20.3,20.2,24.016292572021484
2015-09-28,20.2,20.3,23.89,20.6,23.81,21.8,23.81,20.6,24.24,21.43,23.29,21.8,22.5,20.9,21.5,21.9,21.5,22.0,22.5,21.9,20.0,24.062902450561523
2015-09-29,20.0,21.9,24.12,20.3,23.89,20.6,24.08,21.8,24.08,20.6,24.24,20.2,21.8,22.5,20.9,21.5,21.9,21.5,22.0,22.5,21.5,32.575000762939446
2015-10-01,20.2,22.0,24.28,22.5,24.1,21.9,24.12,20.3,23.89,20.6,24.1,21.5,20.0,20.2,21.8,22.5,20.9,21.5,21.9,21.5,19.8,22.97291755676269
2015-10-12,12.9,19.8,26.54,20.2,22.97,21.5,26.54,20.0,32.58,20.2,24.06,15.1,16.1,18.1,17.0,19.3,20.1,19.0,19.1,16.1,14.1,20.50833320617676
2015-10-31,11.9,17.0,21.2,15.9,21.22,17.2,21.28,17.3,21.22,17.7,21.19,14.6,12.5,13.6,16.2,18.2,18.1,17.4,17.7,17.8,10.3,18.70833396911621
2015-11-03,11.0,17.4,21.25,17.7,21.25,17.8,21.3,17.0,21.2,15.9,21.25,11.5,10.3,11.9,14.6,12.5,13.6,16.2,18.2,18.1,11.5,17.366666793823242
2016-01-10,1.3,2.8,6.41,1.7,5.28,0.7,5.8,3.1,5.83,5.5,5.83,-0.1,2.3,5.7,5.8,7.1,7.5,7.4,4.4,0.6,4.0,4.28112268447876
2016-01-11,4.0,0.6,5.68,2.8,6.41,1.7,5.28,0.7,5.8,3.1,5.79,1.3,-0.1,2.3,5.7,5.8,7.1,7.5,7.4,4.4,1.9,4.629081726074219
2016-01-12,1.9,4.4,5.27,0.6,5.68,2.8,6.41,1.7,5.28,0.7,5.8,4.0,1.3,-0.1,2.3,5.7,5.8,7.1,7.5,7.4,-1.2,4.595408439636231
2016-01-13,-1.2,7.4,5.53,4.4,5.27,0.6,5.68,2.8,6.41,1.7,5.28,1.9,4.0,1.3,-0.1,2.3,5.7,5.8,7.1,7.5,-1.4,4.401020050048828
2016-01-14,-1.4,7.5,7.01,7.4,5.53,4.4,5.27,0.6,5.68,2.8,6.41,-1.2,1.9,4.0,1.3,-0.1,2.3,5.7,5.8,7.1,-0.9,4.405101776123047
2016-01-15,-0.9,7.1,7.02,7.5,7.01,7.4,5.53,4.4,5.27,0.6,5.68,-1.4,-1.2,1.9,4.0,1.3,-0.1,2.3,5.7,5.8,0.0,4.440816402435303
2016-01-16,0.0,5.8,6.99,7.1,7.02,7.5,7.01,7.4,5.53,4.4,5.27,-0.9,-1.4,-1.2,1.9,4.0,1.3,-0.1,2.3,5.7,3.8,4.45510196685791
2016-01-17,3.8,5.7,8.12,5.8,6.99,7.1,7.02,7.5,7.01,7.4,5.53,0.0,-0.9,-1.4,-1.2,1.9,4.0,1.3,-0.1,2.3,4.5,4.94744873046875
2016-01-18,4.5,2.3,7.07,5.7,8.12,5.8,6.99,7.1,7.02,7.5,7.01,3.8,0.0,-0.9,-1.4,-1.2,1.9,4.0,1.3,-0.1,-2.1,4.670103073120117
2016-01-19,-2.1,-0.1,5.58,2.3,7.07,5.7,8.12,5.8,6.99,7.1,7.02,4.5,3.8,0.0,-0.9,-1.4,-1.2,1.9,4.0,1.3,-2.6,2.5795917510986333
2016-01-20,-2.6,1.3,4.28,-0.1,5.58,2.3,7.07,5.7,8.12,5.8,6.99,-2.1,4.5,3.8,0.0,-0.9,-1.4,-1.2,1.9,4.0,-0.9,0.7739130258560181
2016-01-21,-0.9,4.0,4.63,1.3,4.28,-0.1,5.58,2.3,7.07,5.7,8.12,-2.6,-2.1,4.5,3.8,0.0,-0.9,-1.4,-1.2,1.9,0.2,0.8043477535247803
2016-01-22,0.2,1.9,4.6,4.0,4.63,1.3,4.28,-0.1,5.58,2.3,7.07,-0.9,-2.6,-2.1,4.5,3.8,0.0,-0.9,-1.4,-1.2,-1.1,0.8347825407981873
2016-01-27,-0.4,3.8,4.95,0.0,4.46,-0.9,4.44,-1.4,4.41,-1.2,4.4,-4.4,-9.7,-7.2,-1.1,0.2,-0.9,-2.6,-2.1,4.5,2.0,-4.141176223754884
2016-01-28,2.0,4.5,4.67,3.8,4.95,0.0,4.46,-0.9,4.44,-1.4,4.41,-0.4,-4.4,-9.7,-7.2,-1.1,0.2,-0.9,-2.6,-2.1,3.1,-4.0147056579589835
2016-01-29,3.1,-2.1,2.58,4.5,4.67,3.8,4.95,0.0,4.46,-0.9,4.44,2.0,-0.4,-4.4,-9.7,-7.2,-1.1,0.2,-0.9,-2.6,2.8,-3.951709270477295
2016-01-30,2.8,-2.6,0.77,-2.1,2.58,4.5,4.67,3.8,4.95,0.0,4.46,3.1,2.0,-0.4,-4.4,-9.7,-7.2,-1.1,0.2,-0.9,-0.1,-3.854237318038941
2016-02-01,-2.2,0.2,0.83,-0.9,0.8,-2.6,0.77,-2.1,2.58,4.5,4.67,-0.1,2.8,3.1,2.0,-0.4,-4.4,-9.7,-7.2,-1.1,-2.9,-3.854347705841065
2016-02-02,-2.9,-1.1,1.25,0.2,0.83,-0.9,0.8,-2.6,0.77,-2.1,2.58,-2.2,-0.1,2.8,3.1,2.0,-0.4,-4.4,-9.7,-7.2,-0.7,-3.8604347705841056
2016-02-03,-0.7,-7.2,0.8,-1.1,0.8,0.2,0.83,-0.9,0.8,-2.6,0.77,-2.9,-2.2,-0.1,2.8,3.1,2.0,-0.4,-4.4,-9.7,-0.1,-3.7999999523162837
2016-02-08,2.1,3.1,-3.95,2.0,-4.01,-0.4,-4.14,-4.4,-4.03,-9.7,-4.03,0.2,1.3,1.4,-0.1,-0.7,-2.9,-2.2,-0.1,2.8,5.0,-3.6055083274841313
2016-02-14,6.2,-0.1,-3.74,-0.7,-3.8,-2.9,-3.86,-2.2,-3.85,-0.1,-3.81,10.6,11.7,10.1,7.6,5.0,2.1,0.2,1.3,1.4,0.8,-2.8953783512115483
2016-02-15,0.8,1.4,-3.79,-0.1,-3.74,-0.7,-3.8,-2.9,-3.86,-2.2,-3.85,6.2,10.6,11.7,10.1,7.6,5.0,2.1,0.2,1.3,0.1,0.5499999523162842
2016-02-16,0.1,1.3,-3.7,1.4,-3.79,-0.1,-3.74,-0.7,-3.8,-2.9,-3.86,0.8,6.2,10.6,11.7,10.1,7.6,5.0,2.1,0.2,2.6,0.4500000476837158
2016-02-17,2.6,0.2,-3.57,1.3,-3.7,1.4,-3.79,-0.1,-3.74,-0.7,-3.8,0.1,0.8,6.2,10.6,11.7,10.1,7.6,5.0,2.1,3.4,0.3499999046325684
2016-02-18,3.4,2.1,-3.61,0.2,-3.57,1.3,-3.7,1.4,-3.79,-0.1,-3.74,2.6,0.1,0.8,6.2,10.6,11.7,10.1,7.6,5.0,6.7,0.5499999523162842
2016-02-19,6.7,5.0,-3.67,2.1,-3.61,0.2,-3.57,1.3,-3.7,1.4,-3.79,3.4,2.6,0.1,0.8,6.2,10.6,11.7,10.1,7.6,6.8,1.0
2016-02-20,6.8,7.6,-3.63,5.0,-3.63,2.1,-3.61,0.2,-3.57,1.3,-3.7,6.7,3.4,2.6,0.1,0.8,6.2,10.6,11.7,10.1,4.2,1.1499998569488523
2016-02-26,5.4,0.1,0.45,0.8,0.55,6.2,-2.9,10.6,-0.63,11.7,-0.63,2.3,4.3,5.8,4.4,4.2,6.8,6.7,3.4,2.6,8.5,-4.050000190734863
2016-02-27,8.5,2.6,0.35,0.1,0.45,0.8,0.55,6.2,-2.9,10.6,-0.39,5.4,2.3,4.3,5.8,4.4,4.2,6.8,6.7,3.4,9.2,-4.050000190734863
2016-02-28,9.2,3.4,0.55,2.6,0.35,0.1,0.45,0.8,0.55,6.2,-2.9,8.5,5.4,2.3,4.3,5.8,4.4,4.2,6.8,6.7,5.5,-4.050000190734863
2016-02-29,5.5,6.7,1.0,3.4,0.55,2.6,0.35,0.1,0.45,0.8,0.55,9.2,8.5,5.4,2.3,4.3,5.8,4.4,4.2,6.8,2.6,-4.050000190734863
2016-03-01,2.6,6.8,1.15,6.7,1.0,3.4,0.55,2.6,0.35,0.1,0.45,5.5,9.2,8.5,5.4,2.3,4.3,5.8,4.4,4.2,5.3,-4.050000190734863
2016-03-02,5.3,4.2,1.15,6.8,1.15,6.7,1.0,3.4,0.55,2.6,0.35,2.6,5.5,9.2,8.5,5.4,2.3,4.3,5.8,4.4,9.2,-4.050000190734863
2016-03-03,9.2,4.4,1.25,4.2,1.15,6.8,1.15,6.7,1.0,3.4,0.55,5.3,2.6,5.5,9.2,8.5,5.4,2.3,4.3,5.8,13.6,-4.0
2016-03-04,13.6,5.8,1.15,4.4,1.25,4.2,1.15,6.8,1.15,6.7,1.0,9.2,5.3,2.6,5.5,9.2,8.5,5.4,2.3,4.3,13.8,-3.9499998092651367
2016-03-05,13.8,4.3,1.1,5.8,1.15,4.4,1.25,4.2,1.15,6.8,1.15,13.6,9.2,5.3,2.6,5.5,9.2,8.5,5.4,2.3,11.8,-4.0
2016-03-06,11.8,2.3,-4.05,4.3,1.1,5.8,1.15,4.4,1.25,4.2,1.15,13.8,13.6,9.2,5.3,2.6,5.5,9.2,8.5,5.4,10.2,-3.9499998092651367
2016-03-07,10.2,5.4,-4.05,2.3,-4.05,4.3,1.1,5.8,1.15,4.4,1.25,11.8,13.8,13.6,9.2,5.3,2.6,5.5,9.2,8.5,10.9,-3.9499998092651367
2016-03-08,10.9,8.5,-4.05,5.4,-4.05,2.3,-4.05,4.3,1.1,5.8,1.15,10.2,11.8,13.8,13.6,9.2,5.3,2.6,5.5,9.2,5.0,-3.900000095367432
2016-03-09,5.0,9.2,-4.05,8.5,-4.05,5.4,-4.05,2.3,-4.05,4.3,1.1,10.9,10.2,11.8,13.8,13.6,9.2,5.3,2.6,5.5,2.7,-3.900000095367432
2016-03-10,2.7,5.5,-4.05,9.2,-4.05,8.5,-4.05,5.4,-4.05,2.3,-4.05,5.0,10.9,10.2,11.8,13.8,13.6,9.2,5.3,2.6,3.8,-3.900000095367432
2016-03-11,3.8,2.6,-4.05,5.5,-4.05,9.2,-4.05,8.5,-4.05,5.4,-4.05,2.7,5.0,10.9,10.2,11.8,13.8,13.6,9.2,5.3,4.4,-3.900000095367432
2016-03-12,4.4,5.3,-4.05,2.6,-4.05,5.5,-4.05,9.2,-4.05,8.5,-4.05,3.8,2.7,5.0,10.9,10.2,11.8,13.8,13.6,9.2,7.4,-3.900000095367432
2016-03-13,7.4,9.2,-4.0,5.3,-4.05,2.6,-4.05,5.5,-4.05,9.2,-4.05,4.4,3.8,2.7,5.0,10.9,10.2,11.8,13.8,13.6,8.4,-3.900000095367432
2016-03-14,8.4,13.6,-3.95,9.2,-4.0,5.3,-4.05,2.6,-4.05,5.5,-4.05,7.4,4.4,3.8,2.7,5.0,10.9,10.2,11.8,13.8,7.1,-3.75
2016-03-15,7.1,13.8,-4.0,13.6,-3.95,9.2,-4.0,5.3,-4.05,2.6,-4.05,8.4,7.4,4.4,3.8,2.7,5.0,10.9,10.2,11.8,8.0,-3.75
2016-03-16,8.0,11.8,-3.95,13.8,-4.0,13.6,-3.95,9.2,-4.0,5.3,-4.05,7.1,8.4,7.4,4.4,3.8,2.7,5.0,10.9,10.2,9.4,-3.75
2016-03-17,9.4,10.2,-3.95,11.8,-3.95,13.8,-4.0,13.6,-3.95,9.2,-4.0,8.0,7.1,8.4,7.4,4.4,3.8,2.7,5.0,10.9,10.9,-3.75
2016-03-18,10.9,10.9,-3.9,10.2,-3.95,11.8,-3.95,13.8,-4.0,13.6,-3.95,9.4,8.0,7.1,8.4,7.4,4.4,3.8,2.7,5.0,13.3,-3.6999998092651367
2016-03-19,13.3,5.0,-3.9,10.9,-3.9,10.2,-3.95,11.8,-3.95,13.8,-4.0,10.9,9.4,8.0,7.1,8.4,7.4,4.4,3.8,2.7,12.6,-3.650000095367432
2016-03-20,12.6,2.7,-3.9,5.0,-3.9,10.9,-3.9,10.2,-3.95,11.8,-3.95,13.3,10.9,9.4,8.0,7.1,8.4,7.4,4.4,3.8,9.4,-3.650000095367432
2016-03-21,9.4,3.8,-3.9,2.7,-3.9,5.0,-3.9,10.9,-3.9,10.2,-3.95,12.6,13.3,10.9,9.4,8.0,7.1,8.4,7.4,4.4,9.8,-3.650000095367432
2016-03-22,9.8,4.4,-3.9,3.8,-3.9,2.7,-3.9,5.0,-3.9,10.9,-3.9,9.4,12.6,13.3,10.9,9.4,8.0,7.1,8.4,7.4,9.8,-3.5499999523162837
2016-03-23,9.8,7.4,-3.9,4.4,-3.9,3.8,-3.9,2.7,-3.9,5.0,-3.9,9.8,9.4,12.6,13.3,10.9,9.4,8.0,7.1,8.4,9.3,-3.5499999523162837
2016-03-24,9.3,8.4,-3.75,7.4,-3.9,4.4,-3.9,3.8,-3.9,2.7,-3.9,9.8,9.8,9.4,12.6,13.3,10.9,9.4,8.0,7.1,6.5,-3.5
2016-03-25,6.5,7.1,-3.75,8.4,-3.75,7.4,-3.9,4.4,-3.9,3.8,-3.9,9.3,9.8,9.8,9.4,12.6,13.3,10.9,9.4,8.0,8.3,-3.5
2016-03-26,8.3,8.0,-3.75,7.1,-3.75,8.4,-3.75,7.4,-3.9,4.4,-3.9,6.5,9.3,9.8,9.8,9.4,12.6,13.3,10.9,9.4,7.9,-3.4500000476837163
2016-03-27,7.9,9.4,-3.75,8.0,-3.75,7.1,-3.75,8.4,-3.75,7.4,-3.9,8.3,6.5,9.3,9.8,9.8,9.4,12.6,13.3,10.9,10.3,-3.4500000476837163
2016-03-28,10.3,10.9,-3.7,9.4,-3.75,8.0,-3.75,7.1,-3.75,8.4,-3.75,7.9,8.3,6.5,9.3,9.8,9.8,9.4,12.6,13.3,13.5,-3.3499999046325684
2016-03-29,13.5,13.3,-3.65,10.9,-3.7,9.4,-3.75,8.0,-3.75,7.1,-3.75,10.3,7.9,8.3,6.5,9.3,9.8,9.8,9.4,12.6,15.5,-3.3000001907348637
2016-03-30,15.5,12.6,-3.65,13.3,-3.65,10.9,-3.7,9.4,-3.75,8.0,-3.75,13.5,10.3,7.9,8.3,6.5,9.3,9.8,9.8,9.4,15.2,-3.3000001907348637
2016-03-31,15.2,9.4,-3.65,12.6,-3.65,13.3,-3.65,10.9,-3.7,9.4,-3.75,15.5,13.5,10.3,7.9,8.3,6.5,9.3,9.8,9.8,15.7,-3.3000001907348637
2016-04-01,15.7,9.8,-3.55,9.4,-3.65,12.6,-3.65,13.3,-3.65,10.9,-3.7,15.2,15.5,13.5,10.3,7.9,8.3,6.5,9.3,9.8,17.4,-3.150000095367432
2016-04-02,17.4,9.8,-3.55,9.8,-3.55,9.4,-3.65,12.6,-3.65,13.3,-3.65,15.7,15.2,15.5,13.5,10.3,7.9,8.3,6.5,9.3,16.2,-3.150000095367432
2016-04-03,16.2,9.3,-3.5,9.8,-3.55,9.8,-3.55,9.4,-3.65,12.6,-3.65,17.4,15.7,15.2,15.5,13.5,10.3,7.9,8.3,6.5,10.2,-3.150000095367432
2016-04-04,10.2,6.5,-3.5,9.3,-3.5,9.8,-3.55,9.8,-3.55,9.4,-3.65,16.2,17.4,15.7,15.2,15.5,13.5,10.3,7.9,8.3,11.7,-3.0499999523162837
2016-04-05,11.7,8.3,-3.45,6.5,-3.5,9.3,-3.5,9.8,-3.55,9.8,-3.55,10.2,16.2,17.4,15.7,15.2,15.5,13.5,10.3,7.9,13.5,-3.0499999523162837
2016-04-06,13.5,7.9,-3.45,8.3,-3.45,6.5,-3.5,9.3,-3.5,9.8,-3.55,11.7,10.2,16.2,17.4,15.7,15.2,15.5,13.5,10.3,8.6,-3.0499999523162837
2016-04-07,8.6,10.3,-3.35,7.9,-3.45,8.3,-3.45,6.5,-3.5,9.3,-3.5,13.5,11.7,10.2,16.2,17.4,15.7,15.2,15.5,13.5,13.4,-2.9500000476837163
2016-04-08,13.4,13.5,-3.3,10.3,-3.35,7.9,-3.45,8.3,-3.45,6.5,-3.5,8.6,13.5,11.7,10.2,16.2,17.4,15.7,15.2,15.5,17.1,-2.9500000476837163
2016-04-09,17.1,15.5,-3.3,13.5,-3.3,10.3,-3.35,7.9,-3.45,8.3,-3.45,13.4,8.6,13.5,11.7,10.2,16.2,17.4,15.7,15.2,19.2,-2.9500000476837163
2016-04-11,19.9,15.7,-3.15,15.2,-3.3,15.5,-3.3,13.5,-3.3,10.3,-3.35,19.2,17.1,13.4,8.6,13.5,11.7,10.2,16.2,17.4,14.5,-2.8499999046325684
2016-04-12,14.5,17.4,-3.15,15.7,-3.15,15.2,-3.3,15.5,-3.3,13.5,-3.3,19.9,19.2,17.1,13.4,8.6,13.5,11.7,10.2,16.2,16.3,-2.799999952316284
2016-04-13,16.3,16.2,-3.15,17.4,-3.15,15.7,-3.15,15.2,-3.3,15.5,-3.3,14.5,19.9,19.2,17.1,13.4,8.6,13.5,11.7,10.2,18.7,-2.6999998092651367
2016-04-14,18.7,10.2,-3.05,16.2,-3.15,17.4,-3.15,15.7,-3.15,15.2,-3.3,16.3,14.5,19.9,19.2,17.1,13.4,8.6,13.5,11.7,20.3,-2.5999999046325684
2016-04-15,20.3,11.7,-3.05,10.2,-3.05,16.2,-3.15,17.4,-3.15,15.7,-3.15,18.7,16.3,14.5,19.9,19.2,17.1,13.4,8.6,13.5,18.5,-2.549999952316284
2016-04-16,18.5,13.5,-3.05,11.7,-3.05,10.2,-3.05,16.2,-3.15,17.4,-3.15,20.3,18.7,16.3,14.5,19.9,19.2,17.1,13.4,8.6,15.7,-2.5
2016-04-17,15.7,8.6,-2.95,13.5,-3.05,11.7,-3.05,10.2,-3.05,16.2,-3.15,18.5,20.3,18.7,16.3,14.5,19.9,19.2,17.1,13.4,13.8,-2.5
2016-04-18,13.8,13.4,-2.95,8.6,-2.95,13.5,-3.05,11.7,-3.05,10.2,-3.05,15.7,18.5,20.3,18.7,16.3,14.5,19.9,19.2,17.1,15.0,-2.450000047683716
2016-04-19,15.0,17.1,-2.95,13.4,-2.95,8.6,-2.95,13.5,-3.05,11.7,-3.05,13.8,15.7,18.5,20.3,18.7,16.3,14.5,19.9,19.2,18.2,-2.400000095367432
2016-04-20,18.2,19.2,-2.98,17.1,-2.95,13.4,-2.95,8.6,-2.95,13.5,-3.05,15.0,13.8,15.7,18.5,20.3,18.7,16.3,14.5,19.9,15.1,-2.3000001907348637
2016-04-21,15.1,19.9,-2.85,19.2,-2.92,17.1,-2.95,13.4,-2.95,8.6,-2.95,18.2,15.0,13.8,15.7,18.5,20.3,18.7,16.3,14.5,17.9,-2.200000047683716
2016-04-22,17.9,14.5,-2.8,19.9,-2.85,19.2,-2.89,17.1,-2.95,13.4,-2.95,15.1,18.2,15.0,13.8,15.7,18.5,20.3,18.7,16.3,20.8,-2.150000095367432
2016-04-23,20.8,16.3,-2.7,14.5,-2.8,19.9,-2.85,19.2,-2.82,17.1,-2.95,17.9,15.1,18.2,15.0,13.8,15.7,18.5,20.3,18.7,17.1,-2.0999999046325684
2016-04-24,17.1,18.7,-2.6,16.3,-2.7,14.5,-2.8,19.9,-2.85,19.2,-2.74,20.8,17.9,15.1,18.2,15.0,13.8,15.7,18.5,20.3,16.8,-2.0999999046325684
2016-04-25,16.8,20.3,-2.55,18.7,-2.6,16.3,-2.7,14.5,-2.8,19.9,-2.85,17.1,20.8,17.9,15.1,18.2,15.0,13.8,15.7,18.5,16.2,-2.0
2016-04-26,16.2,18.5,-2.5,20.3,-2.55,18.7,-2.6,16.3,-2.7,14.5,-2.8,16.8,17.1,20.8,17.9,15.1,18.2,15.0,13.8,15.7,13.8,-1.8999999761581419
2016-04-27,13.8,15.7,-2.5,18.5,-2.5,20.3,-2.55,18.7,-2.6,16.3,-2.7,16.2,16.8,17.1,20.8,17.9,15.1,18.2,15.0,13.8,13.9,-1.8499999046325684
2016-04-28,13.9,13.8,-2.45,15.7,-2.5,18.5,-2.5,20.3,-2.55,18.7,-2.6,13.8,16.2,16.8,17.1,20.8,17.9,15.1,18.2,15.0,17.1,-1.8499999046325684
2016-04-30,18.0,18.2,-2.3,15.0,-2.4,13.8,-2.45,15.7,-2.5,18.5,-2.5,17.1,13.9,13.8,16.2,16.8,17.1,20.8,17.9,15.1,21.1,-1.6000000238418581
2016-05-02,23.5,17.9,-2.15,15.1,-2.2,18.2,-2.3,15.0,-2.4,13.8,-2.45,21.1,18.0,17.1,13.9,13.8,16.2,16.8,17.1,20.8,22.4,-1.5
2016-05-03,22.4,20.8,-2.1,17.9,-2.15,15.1,-2.2,18.2,-2.3,15.0,-2.4,23.5,21.1,18.0,17.1,13.9,13.8,16.2,16.8,17.1,17.7,-1.4500000476837158
2016-05-04,17.7,17.1,-2.1,20.8,-2.1,17.9,-2.15,15.1,-2.2,18.2,-2.3,22.4,23.5,21.1,18.0,17.1,13.9,13.8,16.2,16.8,21.6,-1.2999999523162842
2016-05-05,21.6,16.8,-2.0,17.1,-2.1,20.8,-2.1,17.9,-2.15,15.1,-2.2,17.7,22.4,23.5,21.1,18.0,17.1,13.9,13.8,16.2,23.5,-1.2000000476837158
2016-05-06,23.5,16.2,-1.9,16.8,-2.0,17.1,-2.1,20.8,-2.1,17.9,-2.15,21.6,17.7,22.4,23.5,21.1,18.0,17.1,13.9,13.8,21.7,-1.1500000953674316
2016-05-07,21.7,13.8,-1.85,16.2,-1.9,16.8,-2.0,17.1,-2.1,20.8,-2.1,23.5,21.6,17.7,22.4,23.5,21.1,18.0,17.1,13.9,17.8,-1.100000023841858
2016-05-08,17.8,13.9,-1.85,13.8,-1.85,16.2,-1.9,16.8,-2.0,17.1,-2.1,21.7,23.5,21.6,17.7,22.4,23.5,21.1,18.0,17.1,15.6,-1.0499999523162842
2016-05-09,15.6,17.1,-1.9,13.9,-1.85,13.8,-1.85,16.2,-1.9,16.8,-2.0,17.8,21.7,23.5,21.6,17.7,22.4,23.5,21.1,18.0,16.8,-0.9499999880790709
2016-05-10,16.8,18.0,-1.6,17.1,-1.8,13.9,-1.85,13.8,-1.85,16.2,-1.9,15.6,17.8,21.7,23.5,21.6,17.7,22.4,23.5,21.1,15.6,-0.8999999761581421
2016-05-11,15.6,21.1,-1.77,18.0,-1.6,17.1,-1.77,13.9,-1.85,13.8,-1.85,16.8,15.6,17.8,21.7,23.5,21.6,17.7,22.4,23.5,19.7,-0.8000000119209291
2016-05-12,19.7,23.5,-1.5,21.1,-1.65,18.0,-1.6,17.1,-1.65,13.9,-1.85,15.6,16.8,15.6,17.8,21.7,23.5,21.6,17.7,22.4,21.7,-0.7000000476837158
2016-05-13,21.7,22.4,-1.45,23.5,-1.5,21.1,-1.52,18.0,-1.6,17.1,-1.52,19.7,15.6,16.8,15.6,17.8,21.7,23.5,21.6,17.7,16.9,-0.6000000238418579
2016-05-14,16.9,17.7,-1.3,22.4,-1.45,23.5,-1.5,21.1,-1.46,18.0,-1.6,21.7,19.7,15.6,16.8,15.6,17.8,21.7,23.5,21.6,18.1,-0.550000011920929
2016-05-16,15.5,23.5,-1.15,21.6,-1.2,17.7,-1.3,22.4,-1.45,23.5,-1.5,18.1,16.9,21.7,19.7,15.6,16.8,15.6,17.8,21.7,17.7,-0.30000001192092896
2016-05-17,17.7,21.7,-1.1,23.5,-1.15,21.6,-1.2,17.7,-1.3,22.4,-1.45,15.5,18.1,16.9,21.7,19.7,15.6,16.8,15.6,17.8,19.7,-0.20000000298023224
2016-05-18,19.7,17.8,-1.05,21.7,-1.1,23.5,-1.15,21.6,-1.2,17.7,-1.3,17.7,15.5,18.1,16.9,21.7,19.7,15.6,16.8,15.6,20.1,-0.15000000596046448
2016-05-19,20.1,15.6,-0.95,17.8,-1.05,21.7,-1.1,23.5,-1.15,21.6,-1.2,19.7,17.7,15.5,18.1,16.9,21.7,19.7,15.6,16.8,18.8,5.7438645362854
2016-05-20,18.8,16.8,-0.9,15.6,-0.95,17.8,-1.05,21.7,-1.1,23.5,-1.15,20.1,19.7,17.7,15.5,18.1,16.9,21.7,19.7,15.6,20.9,6.049056529998778
2016-05-21,20.9,15.6,-0.8,16.8,-0.9,15.6,-0.95,17.8,-1.05,21.7,-1.1,18.8,20.1,19.7,17.7,15.5,18.1,16.9,21.7,19.7,16.6,5.748772621154785
2016-05-22,16.6,19.7,-0.7,15.6,-0.8,16.8,-0.9,15.6,-0.95,17.8,-1.05,20.9,18.8,20.1,19.7,17.7,15.5,18.1,16.9,21.7,18.4,6.663635730743407
2016-05-23,18.4,21.7,-0.6,19.7,-0.7,15.6,-0.8,16.8,-0.9,15.6,-0.95,16.6,20.9,18.8,20.1,19.7,17.7,15.5,18.1,16.9,17.5,7.321276187896728
2016-05-24,17.5,16.9,-0.55,21.7,-0.6,19.7,-0.7,15.6,-0.8,16.8,-0.9,18.4,16.6,20.9,18.8,20.1,19.7,17.7,15.5,18.1,20.8,7.1729164123535165
2016-05-25,20.8,18.1,-0.66,16.9,-0.55,21.7,-0.6,19.7,-0.7,15.6,-0.8,17.5,18.4,16.6,20.9,18.8,20.1,19.7,17.7,15.5,22.4,7.239583492279053
2016-05-26,22.4,15.5,-0.3,18.1,-0.54,16.9,-0.55,21.7,-0.6,19.7,-0.7,20.8,17.5,18.4,16.6,20.9,18.8,20.1,19.7,17.7,22.8,7.408333301544189
2016-05-27,22.8,17.7,-0.2,15.5,-0.3,18.1,-0.41,16.9,-0.55,21.7,-0.6,22.4,20.8,17.5,18.4,16.6,20.9,18.8,20.1,19.7,17.4,7.643749713897705
2016-05-28,17.4,19.7,-0.15,17.7,-0.2,15.5,-0.3,18.1,-0.3,16.9,-0.55,22.8,22.4,20.8,17.5,18.4,16.6,20.9,18.8,20.1,17.4,7.741666316986084
2016-05-29,17.4,20.1,5.74,19.7,-0.15,17.7,-0.2,15.5,-0.3,18.1,1.27,17.4,22.8,22.4,20.8,17.5,18.4,16.6,20.9,18.8,19.9,7.752082824707031
2016-05-30,19.9,18.8,6.05,20.1,5.74,19.7,-0.15,17.7,-0.2,15.5,-0.3,17.4,17.4,22.8,22.4,20.8,17.5,18.4,16.6,20.9,21.3,7.7645835876464835
2016-05-31,21.3,20.9,5.75,18.8,6.05,20.1,5.74,19.7,-0.15,17.7,-0.2,19.9,17.4,17.4,22.8,22.4,20.8,17.5,18.4,16.6,21.4,1.1500000953674316
2016-06-01,21.4,16.6,6.66,20.9,5.75,18.8,6.05,20.1,5.74,19.7,-0.15,21.3,19.9,17.4,17.4,22.8,22.4,20.8,17.5,18.4,21.4,1.2999999523162842
2016-06-02,21.4,18.4,7.32,16.6,6.66,20.9,5.75,18.8,6.05,20.1,5.74,21.4,21.3,19.9,17.4,17.4,22.8,22.4,20.8,17.5,19.4,1.4500000476837158
2016-06-03,19.4,17.5,7.17,18.4,7.32,16.6,6.66,20.9,5.75,18.8,6.05,21.4,21.4,21.3,19.9,17.4,17.4,22.8,22.4,20.8,19.8,1.5
2016-06-04,19.8,20.8,7.24,17.5,7.17,18.4,7.32,16.6,6.66,20.9,5.75,19.4,21.4,21.4,21.3,19.9,17.4,17.4,22.8,22.4,16.9,1.6000000238418581
2016-06-05,16.9,22.4,7.41,20.8,7.24,17.5,7.17,18.4,7.32,16.6,6.66,19.8,19.4,21.4,21.4,21.3,19.9,17.4,17.4,22.8,19.6,1.7999999523162842
2016-06-06,19.6,22.8,7.64,22.4,7.41,20.8,7.24,17.5,7.17,18.4,7.32,16.9,19.8,19.4,21.4,21.4,21.3,19.9,17.4,17.4,21.8,1.8499999046325684
2016-06-07,21.8,17.4,7.74,22.8,7.64,22.4,7.41,20.8,7.24,17.5,7.17,19.6,16.9,19.8,19.4,21.4,21.4,21.3,19.9,17.4,21.9,1.950000047683716
2016-06-08,21.9,17.4,7.75,17.4,7.74,22.8,7.64,22.4,7.41,20.8,7.24,21.8,19.6,16.9,19.8,19.4,21.4,21.4,21.3,19.9,22.2,2.049999952316284
2016-06-09,22.2,19.9,7.76,17.4,7.75,17.4,7.74,22.8,7.64,22.4,7.41,21.9,21.8,19.6,16.9,19.8,19.4,21.4,21.4,21.3,22.0,2.150000095367432
2016-06-10,22.0,21.3,1.15,19.9,7.76,17.4,7.75,17.4,7.74,22.8,7.64,22.2,21.9,21.8,19.6,16.9,19.8,19.4,21.4,21.4,22.7,2.3000001907348637
2016-06-11,22.7,21.4,1.3,21.3,1.15,19.9,7.76,17.4,7.75,17.4,7.74,22.0,22.2,21.9,21.8,19.6,16.9,19.8,19.4,21.4,24.5,2.450000047683716
2016-06-12,24.5,21.4,1.45,21.4,1.3,21.3,1.15,19.9,7.76,17.4,7.75,22.7,22.0,22.2,21.9,21.8,19.6,16.9,19.8,19.4,25.2,2.549999952316284
2016-06-13,25.2,19.4,1.5,21.4,1.45,21.4,1.3,21.3,1.15,19.9,7.76,24.5,22.7,22.0,22.2,21.9,21.8,19.6,16.9,19.8,23.3,2.6999998092651367
2016-06-14,23.3,19.8,1.6,19.4,1.5,21.4,1.45,21.4,1.3,21.3,1.15,25.2,24.5,22.7,22.0,22.2,21.9,21.8,19.6,16.9,25.7,2.8499999046325684
2016-06-15,25.7,16.9,1.8,19.8,1.6,19.4,1.5,21.4,1.45,21.4,1.3,23.3,25.2,24.5,22.7,22.0,22.2,21.9,21.8,19.6,24.7,2.9500000476837163
2016-06-16,24.7,19.6,1.85,16.9,1.8,19.8,1.6,19.4,1.5,21.4,1.45,25.7,23.3,25.2,24.5,22.7,22.0,22.2,21.9,21.8,24.3,2.9500000476837163
2016-06-17,24.3,21.8,1.95,19.6,1.85,16.9,1.8,19.8,1.6,19.4,1.5,24.7,25.7,23.3,25.2,24.5,22.7,22.0,22.2,21.9,27.2,3.0499999523162837
2016-06-18,27.2,21.9,2.05,21.8,1.95,19.6,1.85,16.9,1.8,19.8,1.6,24.3,24.7,25.7,23.3,25.2,24.5,22.7,22.0,22.2,27.6,3.2000000476837163
2016-06-19,27.6,22.2,2.15,21.9,2.05,21.8,1.95,19.6,1.85,16.9,1.8,27.2,24.3,24.7,25.7,23.3,25.2,24.5,22.7,22.0,28.8,3.400000095367432
2016-06-20,28.8,22.0,2.3,22.2,2.15,21.9,2.05,21.8,1.95,19.6,1.85,27.6,27.2,24.3,24.7,25.7,23.3,25.2,24.5,22.7,28.8,3.4500000476837163
2016-07-18,26.7,25.3,5.85,23.8,5.7,22.7,5.55,22.5,5.7,24.3,5.7,23.9,24.9,25.9,26.0,27.1,25.2,25.5,25.8,27.0,27.5,7.1499996185302725
2016-07-19,27.5,27.0,5.95,25.3,5.85,23.8,5.7,22.7,5.55,22.5,5.76,26.7,23.9,24.9,25.9,26.0,27.1,25.2,25.5,25.8,27.4,7.300000190734862
2016-07-20,27.4,25.8,6.05,27.0,5.95,25.3,5.85,23.8,5.7,22.7,5.55,27.5,26.7,23.9,24.9,25.9,26.0,27.1,25.2,25.5,30.3,7.449999809265138
2016-07-21,30.3,25.5,6.15,25.8,6.05,27.0,5.95,25.3,5.85,23.8,5.7,27.4,27.5,26.7,23.9,24.9,25.9,26.0,27.1,25.2,30.5,7.6500000953674325
2016-07-22,30.5,25.2,6.3,25.5,6.15,25.8,6.05,27.0,5.95,25.3,5.85,30.3,27.4,27.5,26.7,23.9,24.9,25.9,26.0,27.1,30.9,7.699999809265138
2016-07-23,30.9,27.1,6.45,25.2,6.3,25.5,6.15,25.8,6.05,27.0,5.95,30.5,30.3,27.4,27.5,26.7,23.9,24.9,25.9,26.0,31.6,7.800000190734862
2016-07-24,31.6,26.0,6.55,27.1,6.45,25.2,6.3,25.5,6.15,25.8,6.05,30.9,30.5,30.3,27.4,27.5,26.7,23.9,24.9,25.9,31.8,8.100000381469728
2016-07-25,31.8,25.9,6.7,26.0,6.55,27.1,6.45,25.2,6.3,25.5,6.15,31.6,30.9,30.5,30.3,27.4,27.5,26.7,23.9,24.9,32.3,8.25
2016-07-26,32.3,24.9,6.85,25.9,6.7,26.0,6.55,27.1,6.45,25.2,6.3,31.8,31.6,30.9,30.5,30.3,27.4,27.5,26.7,23.9,30.9,8.299999237060549
2016-07-27,30.9,23.9,6.95,24.9,6.85,25.9,6.7,26.0,6.55,27.1,6.45,32.3,31.8,31.6,30.9,30.5,30.3,27.4,27.5,26.7,29.4,8.649999618530272
2016-07-28,29.4,26.7,7.15,23.9,6.95,24.9,6.85,25.9,6.7,26.0,6.55,30.9,32.3,31.8,31.6,30.9,30.5,30.3,27.4,27.5,31.4,8.649999618530272
2016-07-29,31.4,27.5,7.3,26.7,7.15,23.9,6.95,24.9,6.85,25.9,6.7,29.4,30.9,32.3,31.8,31.6,30.9,30.5,30.3,27.4,32.1,8.75
2016-07-30,32.1,27.4,7.45,27.5,7.3,26.7,7.15,23.9,6.95,24.9,6.85,31.4,29.4,30.9,32.3,31.8,31.6,30.9,30.5,30.3,32.0,9.0
2016-07-31,32.0,30.3,7.65,27.4,7.45,27.5,7.3,26.7,7.15,23.9,6.95,32.1,31.4,29.4,30.9,32.3,31.8,31.6,30.9,30.5,30.3,9.149999618530273
2016-08-01,30.3,30.5,7.7,30.3,7.65,27.4,7.45,27.5,7.3,26.7,7.15,32.0,32.1,31.4,29.4,30.9,32.3,31.8,31.6,30.9,30.1,9.450000762939453
2016-08-02,30.1,30.9,7.8,30.5,7.7,30.3,7.65,27.4,7.45,27.5,7.3,30.3,32.0,32.1,31.4,29.4,30.9,32.3,31.8,31.6,29.0,9.799999237060547
2016-08-03,29.0,31.6,8.1,30.9,7.8,30.5,7.7,30.3,7.65,27.4,7.45,30.1,30.3,32.0,32.1,31.4,29.4,30.9,32.3,31.8,26.5,10.050000190734863
2016-08-04,26.5,31.8,8.25,31.6,8.1,30.9,7.8,30.5,7.7,30.3,7.65,29.0,30.1,30.3,32.0,32.1,31.4,29.4,30.9,32.3,27.3,10.300000190734863
2016-08-05,27.3,32.3,8.3,31.8,8.25,31.6,8.1,30.9,7.8,30.5,7.7,26.5,29.0,30.1,30.3,32.0,32.1,31.4,29.4,30.9,27.2,10.449999809265137
2016-08-06,27.2,30.9,8.65,32.3,8.3,31.8,8.25,31.6,8.1,30.9,7.8,27.3,26.5,29.0,30.1,30.3,32.0,32.1,31.4,29.4,27.8,10.649999618530273
2016-08-07,27.8,29.4,8.65,30.9,8.65,32.3,8.3,31.8,8.25,31.6,8.1,27.2,27.3,26.5,29.0,30.1,30.3,32.0,32.1,31.4,28.7,11.0
2016-08-08,28.7,31.4,8.75,29.4,8.65,30.9,8.65,32.3,8.3,31.8,8.25,27.8,27.2,27.3,26.5,29.0,30.1,30.3,32.0,32.1,28.9,11.25
2016-08-09,28.9,32.1,9.0,31.4,8.75,29.4,8.65,30.9,8.65,32.3,8.3,28.7,27.8,27.2,27.3,26.5,29.0,30.1,30.3,32.0,28.9,11.75
2016-08-10,28.9,32.0,9.15,32.1,9.0,31.4,8.75,29.4,8.65,30.9,8.65,28.9,28.7,27.8,27.2,27.3,26.5,29.0,30.1,30.3,28.9,11.649999618530273
2016-08-11,28.9,30.3,9.45,32.0,9.15,32.1,9.0,31.4,8.75,29.4,8.65,28.9,28.9,28.7,27.8,27.2,27.3,26.5,29.0,30.1,30.4,11.899999618530273
2016-08-12,30.4,30.1,9.8,30.3,9.45,32.0,9.15,32.1,9.0,31.4,8.75,28.9,28.9,28.9,28.7,27.8,27.2,27.3,26.5,29.0,29.8,12.050000190734865
2016-08-13,29.8,29.0,10.05,30.1,9.8,30.3,9.45,32.0,9.15,32.1,9.0,30.4,28.9,28.9,28.9,28.7,27.8,27.2,27.3,26.5,30.6,12.299999237060547
2016-08-14,30.6,26.5,10.3,29.0,10.05,30.1,9.8,30.3,9.45,32.0,9.15,29.8,30.4,28.9,28.9,28.9,28.7,27.8,27.2,27.3,30.8,12.550000190734865
2016-08-15,30.8,27.3,10.45,26.5,10.3,29.0,10.05,30.1,9.8,30.3,9.45,30.6,29.8,30.4,28.9,28.9,28.9,28.7,27.8,27.2,29.6,12.75
2016-08-16,29.6,27.2,10.65,27.3,10.45,26.5,10.3,29.0,10.05,30.1,9.8,30.8,30.6,29.8,30.4,28.9,28.9,28.9,28.7,27.8,28.7,13.25
2016-08-17,28.7,27.8,11.0,27.2,10.65,27.3,10.45,26.5,10.3,29.0,10.05,29.6,30.8,30.6,29.8,30.4,28.9,28.9,28.9,28.7,28.4,14.0
2016-08-18,28.4,28.7,11.25,27.8,11.0,27.2,10.65,27.3,10.45,26.5,10.3,28.7,29.6,30.8,30.6,29.8,30.4,28.9,28.9,28.9,28.6,14.5
2016-08-19,28.6,28.9,11.75,28.7,11.25,27.8,11.0,27.2,10.65,27.3,10.45,28.4,28.7,29.6,30.8,30.6,29.8,30.4,28.9,28.9,30.8,15.449999809265135
2016-08-20,30.8,28.9,11.65,28.9,11.75,28.7,11.25,27.8,11.0,27.2,10.65,28.6,28.4,28.7,29.6,30.8,30.6,29.8,30.4,28.9,28.4,16.0
2016-08-21,28.4,28.9,11.9,28.9,11.65,28.9,11.75,28.7,11.25,27.8,11.0,30.8,28.6,28.4,28.7,29.6,30.8,30.6,29.8,30.4,27.8,16.700000762939453
2016-08-22,27.8,30.4,12.05,28.9,11.9,28.9,11.65,28.9,11.75,28.7,11.25,28.4,30.8,28.6,28.4,28.7,29.6,30.8,30.6,29.8,28.5,16.649999618530273
2016-08-23,28.5,29.8,12.3,30.4,12.05,28.9,11.9,28.9,11.65,28.9,11.75,27.8,28.4,30.8,28.6,28.4,28.7,29.6,30.8,30.6,27.7,17.299999237060547
2016-08-24,27.7,30.6,12.55,29.8,12.3,30.4,12.05,28.9,11.9,28.9,11.65,28.5,27.8,28.4,30.8,28.6,28.4,28.7,29.6,30.8,27.4,19.0
2016-08-25,27.4,30.8,12.75,30.6,12.55,29.8,12.3,30.4,12.05,28.9,11.9,27.7,28.5,27.8,28.4,30.8,28.6,28.4,28.7,29.6,27.2,19.950000762939453
2016-08-26,27.2,29.6,13.25,30.8,12.75,30.6,12.55,29.8,12.3,30.4,12.05,27.4,27.7,28.5,27.8,28.4,30.8,28.6,28.4,28.7,22.1,20.450000762939453
2016-08-27,22.1,28.7,14.0,29.6,13.25,30.8,12.75,30.6,12.55,29.8,12.3,27.2,27.4,27.7,28.5,27.8,28.4,30.8,28.6,28.4,22.2,21.799999237060547
2016-08-28,22.2,28.4,14.5,28.7,14.0,29.6,13.25,30.8,12.75,30.6,12.55,22.1,27.2,27.4,27.7,28.5,27.8,28.4,30.8,28.6,23.0,20.850000381469727
2016-08-29,23.0,28.6,15.45,28.4,14.5,28.7,14.0,29.6,13.25,30.8,12.75,22.2,22.1,27.2,27.4,27.7,28.5,27.8,28.4,30.8,22.9,8.300000190734862
2016-08-30,22.9,30.8,16.0,28.6,15.45,28.4,14.5,28.7,14.0,29.6,13.25,23.0,22.2,22.1,27.2,27.4,27.7,28.5,27.8,28.4,23.1,4.449999809265137
2016-08-31,23.1,28.4,16.7,30.8,16.0,28.6,15.45,28.4,14.5,28.7,14.0,22.9,23.0,22.2,22.1,27.2,27.4,27.7,28.5,27.8,24.2,0.7000000476837158
2016-09-01,24.2,27.8,16.65,28.4,16.7,30.8,16.0,28.6,15.45,28.4,14.5,23.1,22.9,23.0,22.2,22.1,27.2,27.4,27.7,28.5,25.1,0.3999999761581421
2016-09-02,25.1,28.5,17.3,27.8,16.65,28.4,16.7,30.8,16.0,28.6,15.45,24.2,23.1,22.9,23.0,22.2,22.1,27.2,27.4,27.7,24.4,0.44999998807907104
2016-09-03,24.4,27.7,19.0,28.5,17.3,27.8,16.65,28.4,16.7,30.8,16.0,25.1,24.2,23.1,22.9,23.0,22.2,22.1,27.2,27.4,25.4,7.020149230957031
2016-09-04,25.4,27.4,19.95,27.7,19.0,28.5,17.3,27.8,16.65,28.4,16.7,24.4,25.1,24.2,23.1,22.9,23.0,22.2,22.1,27.2,24.7,7.0918521881103525
2016-09-05,24.7,27.2,20.45,27.4,19.95,27.7,19.0,28.5,17.3,27.8,16.65,25.4,24.4,25.1,24.2,23.1,22.9,23.0,22.2,22.1,24.6,0.6000000238418579
2016-09-06,24.6,22.1,21.8,27.2,20.45,27.4,19.95,27.7,19.0,28.5,17.3,24.7,25.4,24.4,25.1,24.2,23.1,22.9,23.0,22.2,24.1,14.43448257446289
2016-09-07,24.1,22.2,20.85,22.1,21.8,27.2,20.45,27.4,19.95,27.7,19.0,24.6,24.7,25.4,24.4,25.1,24.2,23.1,22.9,23.0,23.2,15.454998970031738
2016-09-08,23.2,23.0,8.3,22.2,20.85,22.1,21.8,27.2,20.45,27.4,19.95,24.1,24.6,24.7,25.4,24.4,25.1,24.2,23.1,22.9,24.1,0.9499999880790709
2016-09-09,24.1,22.9,4.45,23.0,8.3,22.2,20.85,22.1,21.8,27.2,20.45,23.2,24.1,24.6,24.7,25.4,24.4,25.1,24.2,23.1,25.4,0.9499999880790709
2016-09-10,25.4,23.1,0.7,22.9,4.45,23.0,8.3,22.2,20.85,22.1,21.8,24.1,23.2,24.1,24.6,24.7,25.4,24.4,25.1,24.2,25.1,1.0499999523162842
2016-09-11,25.1,24.2,0.4,23.1,0.7,22.9,4.45,23.0,8.3,22.2,20.85,25.4,24.1,23.2,24.1,24.6,24.7,25.4,24.4,25.1,24.3,1.2000000476837158
2016-09-12,24.3,25.1,0.45,24.2,0.4,23.1,0.7,22.9,4.45,23.0,8.3,25.1,25.4,24.1,23.2,24.1,24.6,24.7,25.4,24.4,23.5,1.2999999523162842
2016-09-14,23.8,25.4,7.09,24.4,7.02,25.1,0.45,24.2,0.4,23.1,0.7,23.5,24.3,25.1,25.4,24.1,23.2,24.1,24.6,24.7,24.0,1.6499999761581419
2016-09-15,24.0,24.7,0.6,25.4,7.09,24.4,7.02,25.1,0.45,24.2,0.4,23.8,23.5,24.3,25.1,25.4,24.1,23.2,24.1,24.6,22.9,1.7000000476837158
2016-09-17,21.7,24.1,15.45,24.6,14.43,24.7,0.6,25.4,7.09,24.4,7.02,22.9,24.0,23.8,23.5,24.3,25.1,25.4,24.1,23.2,22.9,1.8499999046325684
2016-09-18,22.9,23.2,0.95,24.1,15.45,24.6,14.43,24.7,0.6,25.4,7.09,21.7,22.9,24.0,23.8,23.5,24.3,25.1,25.4,24.1,21.8,2.049999952316284
2016-09-19,21.8,24.1,0.95,23.2,0.95,24.1,15.45,24.6,14.43,24.7,0.6,22.9,21.7,22.9,24.0,23.8,23.5,24.3,25.1,25.4,19.9,2.200000047683716
2016-09-20,19.9,25.4,1.05,24.1,0.95,23.2,0.95,24.1,15.45,24.6,14.43,21.8,22.9,21.7,22.9,24.0,23.8,23.5,24.3,25.1,19.0,2.299999952316284
2016-09-21,19.0,25.1,1.2,25.4,1.05,24.1,0.95,23.2,0.95,24.1,15.45,19.9,21.8,22.9,21.7,22.9,24.0,23.8,23.5,24.3,18.9,2.450000047683716
2016-09-22,18.9,24.3,1.3,25.1,1.2,25.4,1.05,24.1,0.95,23.2,0.95,19.0,19.9,21.8,22.9,21.7,22.9,24.0,23.8,23.5,20.4,2.549999952316284
2016-09-23,20.4,23.5,1.12,24.3,1.3,25.1,1.2,25.4,1.05,24.1,0.95,18.9,19.0,19.9,21.8,22.9,21.7,22.9,24.0,23.8,21.4,2.6999998092651367
2016-09-24,21.4,23.8,1.65,23.5,1.3,24.3,1.3,25.1,1.2,25.4,1.05,20.4,18.9,19.0,19.9,21.8,22.9,21.7,22.9,24.0,22.5,2.900000095367432
2016-09-25,22.5,24.0,1.7,23.8,1.65,23.5,1.46,24.3,1.3,25.1,1.2,21.4,20.4,18.9,19.0,19.9,21.8,22.9,21.7,22.9,22.3,3.0
2016-09-26,22.3,22.9,1.55,24.0,1.7,23.8,1.65,23.5,1.55,24.3,1.3,22.5,21.4,20.4,18.9,19.0,19.9,21.8,22.9,21.7,,3.0999999046325684
2016-09-28,21.65,22.9,2.05,21.7,1.85,22.9,1.81,24.0,1.7,23.8,1.65,21.65,22.3,22.5,21.4,20.4,18.9,19.0,19.9,21.8,,3.4500000476837163
2016-09-30,21.25,19.9,2.3,21.8,2.2,22.9,2.05,21.7,1.85,22.9,2.1,21.25,21.25,21.25,22.3,22.5,21.4,20.4,18.9,19.0,,19.03333282470703
2016-10-01,21.08,19.0,2.45,19.9,2.3,21.8,2.2,22.9,2.05,21.7,1.85,21.08,21.08,21.08,21.08,22.3,22.5,21.4,20.4,18.9,,18.94444274902344
2016-10-02,21.01,18.9,2.55,19.0,2.45,19.9,2.3,21.8,2.2,22.9,2.05,21.01,21.01,21.01,21.01,21.01,22.3,22.5,21.4,20.4,,18.894445419311523
2016-10-03,20.78,20.4,2.7,18.9,2.55,19.0,2.45,19.9,2.3,21.8,2.2,20.78,20.78,20.78,20.78,20.78,20.78,22.3,22.5,21.4,,18.905555725097656
2016-10-19,17.8,18.0,5.1,16.94,5.0,16.94,9.7,16.94,9.7,16.94,19.0,16.9,17.7,16.7,18.0,17.0,17.1,16.94,15.4,14.8,18.9,6.8499999046325675
2016-10-20,18.9,14.8,5.25,18.0,5.1,17.12,5.0,17.12,5.12,17.12,5.12,17.8,16.9,17.7,16.7,18.0,17.0,17.1,17.12,15.4,17.0,6.8999996185302725
2016-10-21,17.0,15.4,5.4,14.8,5.25,18.0,5.1,17.11,5.0,17.11,5.19,18.9,17.8,16.9,17.7,16.7,18.0,17.0,17.1,17.11,17.9,7.1500000953674325
2016-10-22,17.9,17.17,5.65,15.4,5.4,14.8,5.25,18.0,5.1,17.17,5.0,17.0,18.9,17.8,16.9,17.7,16.7,18.0,17.0,17.1,18.6,7.300000190734862
2016-10-23,18.6,17.1,5.7,17.27,5.65,15.4,5.4,14.8,5.25,18.0,5.1,17.9,17.0,18.9,17.8,16.9,17.7,16.7,18.0,17.0,13.5,7.449999809265138
2016-10-24,13.5,17.0,6.0,17.1,5.7,16.95,5.65,15.4,5.4,14.8,5.25,18.6,17.9,17.0,18.9,17.8,16.9,17.7,16.7,18.0,,7.5999999046325675
2016-10-25,17.12,18.0,6.15,17.0,6.0,17.1,5.7,17.12,5.65,15.4,5.4,13.5,18.6,17.9,17.0,18.9,17.8,16.9,17.7,16.7,14.0,7.75
2016-10-26,14.0,16.7,6.35,18.0,6.15,17.0,6.0,17.1,5.7,17.01,5.65,17.01,13.5,18.6,17.9,17.0,18.9,17.8,16.9,17.7,15.2,8.0
2016-10-27,15.2,17.7,6.35,16.7,6.35,18.0,6.15,17.0,6.0,17.1,5.7,14.0,16.88,13.5,18.6,17.9,17.0,18.9,17.8,16.9,15.9,8.149999618530272
2016-10-28,15.9,16.9,6.65,17.7,6.35,16.7,6.35,18.0,6.15,17.0,6.0,15.2,14.0,16.79,13.5,18.6,17.9,17.0,18.9,17.8,12.9,8.25
2016-10-29,12.9,17.8,6.85,16.9,6.65,17.7,6.35,16.7,6.35,18.0,6.15,15.9,15.2,14.0,16.5,13.5,18.6,17.9,17.0,18.9,,8.449999809265138
2016-10-31,10.8,17.0,7.15,18.9,6.9,17.8,6.85,16.9,6.65,17.7,6.35,15.93,12.9,15.9,15.2,14.0,15.93,13.5,18.6,17.9,10.6,8.799999237060547
2016-11-01,10.6,17.9,7.3,17.0,7.15,18.9,6.9,17.8,6.85,16.9,6.65,10.8,15.38,12.9,15.9,15.2,14.0,15.38,13.5,18.6,6.8,8.949999809265137
2016-11-02,6.8,18.6,7.45,17.9,7.3,17.0,7.15,18.9,6.9,17.8,6.85,10.6,10.8,14.61,12.9,15.9,15.2,14.0,14.61,13.5,8.1,11.050000190734863
2016-11-03,8.1,13.5,7.6,18.6,7.45,17.9,7.3,17.0,7.15,18.9,6.9,6.8,10.6,10.8,13.86,12.9,15.9,15.2,14.0,13.86,9.9,11.450000762939453
2016-11-04,9.9,13.17,7.75,13.5,7.6,18.6,7.45,17.9,7.3,17.0,7.15,8.1,6.8,10.6,10.8,13.17,12.9,15.9,15.2,14.0,13.2,10.399999618530273
2016-11-05,13.2,14.0,8.0,12.88,7.75,13.5,7.6,18.6,7.45,17.9,7.3,9.9,8.1,6.8,10.6,10.8,12.88,12.9,15.9,15.2,14.7,11.149999618530273
2016-11-06,14.7,15.2,8.15,14.0,8.0,12.63,7.75,13.5,7.6,18.6,7.45,13.2,9.9,8.1,6.8,10.6,10.8,12.63,12.9,15.9,15.2,11.5
2016-11-07,15.2,15.9,8.25,15.2,8.15,14.0,8.0,12.37,7.75,13.5,7.6,14.7,13.2,9.9,8.1,6.8,10.6,10.8,12.37,12.9,13.3,11.5
2016-11-08,13.3,12.9,8.45,15.9,8.25,15.2,8.15,14.0,8.0,12.35,7.75,15.2,14.7,13.2,9.9,8.1,6.8,10.6,10.8,12.35,7.1,11.600000381469727
2016-11-09,7.1,11.98,8.21,12.9,8.45,15.9,8.25,15.2,8.15,14.0,8.0,13.3,15.2,14.7,13.2,9.9,8.1,6.8,10.6,10.8,7.2,12.75
2016-11-10,7.2,10.8,8.8,11.49,8.41,12.9,8.45,15.9,8.25,15.2,8.15,7.1,13.3,15.2,14.7,13.2,9.9,8.1,6.8,10.6,8.9,13.0
2016-11-11,8.9,10.6,8.95,10.8,8.8,11.04,8.61,12.9,8.45,15.9,8.25,7.2,7.1,13.3,15.2,14.7,13.2,9.9,8.1,6.8,12.6,13.0
2016-11-14,13.0,9.9,10.4,8.1,11.45,6.8,11.05,10.6,8.95,10.8,8.8,12.6,12.6,8.9,7.2,7.1,13.3,15.2,14.7,13.2,12.9,13.100000381469727
2016-11-16,11.3,14.7,11.5,13.2,11.15,9.9,10.4,8.1,11.45,6.8,11.05,12.9,13.0,12.6,12.6,8.9,7.2,7.1,13.3,15.2,11.3,13.100000381469727
2016-11-17,11.3,15.2,11.5,14.7,11.5,13.2,11.15,9.9,10.4,8.1,11.45,11.3,12.9,13.0,12.6,12.6,8.9,7.2,7.1,13.3,13.9,13.100000381469727
2016-11-18,13.9,13.3,11.6,15.2,11.5,14.7,11.5,13.2,11.15,9.9,10.4,11.3,11.3,12.9,13.0,12.6,12.6,8.9,7.2,7.1,14.6,13.100000381469727
2016-11-20,15.3,7.2,13.0,7.1,12.75,13.3,11.6,15.2,11.5,14.7,11.5,14.6,13.9,11.3,11.3,12.9,13.0,12.6,12.6,8.9,13.7,13.149999618530273
2016-11-21,13.7,8.9,13.0,7.2,13.0,7.1,12.75,13.3,11.6,15.2,11.5,15.3,14.6,13.9,11.3,11.3,12.9,13.0,12.6,12.6,11.9,13.199999809265135
2016-11-22,11.9,12.6,12.59,8.9,13.0,7.2,13.0,7.1,12.75,13.3,11.6,13.7,15.3,14.6,13.9,11.3,11.3,12.9,13.0,12.6,1.7,13.199999809265135
2016-11-23,1.7,12.6,12.92,12.6,12.92,8.9,13.0,7.2,13.0,7.1,12.75,11.9,13.7,15.3,14.6,13.9,11.3,11.3,12.9,13.0,-1.2,13.199999809265135
2016-11-24,-1.2,13.0,13.1,12.6,13.03,12.6,13.03,8.9,13.0,7.2,13.0,1.7,11.9,13.7,15.3,14.6,13.9,11.3,11.3,12.9,-0.3,13.299999237060547
2016-11-27,4.5,11.3,13.1,11.3,13.1,12.9,13.1,13.0,13.1,12.6,13.1,2.4,-0.3,-1.2,1.7,11.9,13.7,15.3,14.6,13.9,5.4,13.399999618530273
2016-11-28,5.4,13.9,13.1,11.3,13.1,11.3,13.1,12.9,13.1,13.0,13.1,4.5,2.4,-0.3,-1.2,1.7,11.9,13.7,15.3,14.6,5.5,13.600000381469727
2016-11-29,5.5,14.6,13.1,13.9,13.1,11.3,13.1,11.3,13.1,12.9,13.1,5.4,4.5,2.4,-0.3,-1.2,1.7,11.9,13.7,15.3,6.2,13.600000381469727
2016-11-30,6.2,15.3,13.15,14.6,13.11,13.9,13.1,11.3,13.1,11.3,13.1,5.5,5.4,4.5,2.4,-0.3,-1.2,1.7,11.9,13.7,7.8,13.649999618530273
2016-12-01,7.8,13.7,13.2,15.3,13.15,14.6,13.14,13.9,13.1,11.3,13.1,6.2,5.5,5.4,4.5,2.4,-0.3,-1.2,1.7,11.9,7.1,13.649999618530273
2016-12-02,7.1,11.9,13.2,13.7,13.2,15.3,13.15,14.6,13.16,13.9,13.1,7.8,6.2,5.5,5.4,4.5,2.4,-0.3,-1.2,1.7,6.2,13.75
2016-12-03,6.2,1.7,13.2,11.9,13.2,13.7,13.2,15.3,13.15,14.6,13.19,7.1,7.8,6.2,5.5,5.4,4.5,2.4,-0.3,-1.2,7.5,13.75
2016-12-04,7.5,-1.2,13.3,1.7,13.2,11.9,13.2,13.7,13.2,15.3,13.15,6.2,7.1,7.8,6.2,5.5,5.4,4.5,2.4,-0.3,10.2,13.800000190734865
2016-12-05,10.2,-0.3,13.35,-1.2,13.3,1.7,13.2,11.9,13.2,13.7,13.2,7.5,6.2,7.1,7.8,6.2,5.5,5.4,4.5,2.4,8.6,13.800000190734865
2016-12-06,8.6,2.4,13.45,-0.3,13.35,-1.2,13.3,1.7,13.2,11.9,13.2,10.2,7.5,6.2,7.1,7.8,6.2,5.5,5.4,4.5,3.2,13.850000381469727
2016-12-07,3.2,4.5,13.4,2.4,13.45,-0.3,13.35,-1.2,13.3,1.7,13.2,8.6,10.2,7.5,6.2,7.1,7.8,6.2,5.5,5.4,5.5,14.0
2016-12-08,5.5,5.4,13.6,4.5,13.4,2.4,13.45,-0.3,13.35,-1.2,13.3,3.2,8.6,10.2,7.5,6.2,7.1,7.8,6.2,5.5,8.1,14.0
2016-12-09,8.1,5.5,13.6,5.4,13.6,4.5,13.4,2.4,13.45,-0.3,13.35,5.5,3.2,8.6,10.2,7.5,6.2,7.1,7.8,6.2,5.7,14.050000190734865
2016-12-10,5.7,6.2,13.65,5.5,13.6,5.4,13.6,4.5,13.4,2.4,13.45,8.1,5.5,3.2,8.6,10.2,7.5,6.2,7.1,7.8,5.8,14.200000762939453
2016-12-12,5.0,7.1,13.75,7.8,13.65,6.2,13.65,5.5,13.6,5.4,13.6,5.8,5.7,8.1,5.5,3.2,8.6,10.2,7.5,6.2,9.2,14.300000190734865
2016-12-13,9.2,6.2,13.75,7.1,13.75,7.8,13.65,6.2,13.65,5.5,13.6,5.0,5.8,5.7,8.1,5.5,3.2,8.6,10.2,7.5,7.1,14.350000381469727
2016-12-14,7.1,7.5,13.8,6.2,13.75,7.1,13.75,7.8,13.65,6.2,13.65,9.2,5.0,5.8,5.7,8.1,5.5,3.2,8.6,10.2,1.1,14.449999809265135
2016-12-15,1.1,10.2,13.8,7.5,13.8,6.2,13.75,7.1,13.75,7.8,13.65,7.1,9.2,5.0,5.8,5.7,8.1,5.5,3.2,8.6,1.0,14.449999809265135
2016-12-16,1.0,8.6,13.85,10.2,13.8,7.5,13.8,6.2,13.75,7.1,13.75,1.1,7.1,9.2,5.0,5.8,5.7,8.1,5.5,3.2,1.5,14.550000190734865
2016-12-19,5.6,8.1,14.05,5.5,14.0,3.2,14.0,8.6,13.85,10.2,13.8,5.1,1.5,1.0,1.1,7.1,9.2,5.0,5.8,5.7,6.6,14.75
2016-12-20,6.6,5.7,14.2,8.1,14.05,5.5,14.0,3.2,14.0,8.6,13.85,5.6,5.1,1.5,1.0,1.1,7.1,9.2,5.0,5.8,8.4,14.800000190734865
2016-12-21,8.4,5.8,14.06,5.7,14.2,8.1,14.05,5.5,14.0,3.2,14.0,6.6,5.6,5.1,1.5,1.0,1.1,7.1,9.2,5.0,7.9,14.850000381469727
2016-12-22,7.9,5.0,14.3,5.8,14.14,5.7,14.2,8.1,14.05,5.5,14.0,8.4,6.6,5.6,5.1,1.5,1.0,1.1,7.1,9.2,6.1,15.0
2016-12-23,6.1,9.2,14.35,5.0,14.3,5.8,14.22,5.7,14.2,8.1,14.05,7.9,8.4,6.6,5.6,5.1,1.5,1.0,1.1,7.1,1.6,15.0
2016-12-24,1.6,7.1,14.45,9.2,14.35,5.0,14.3,5.8,14.32,5.7,14.2,6.1,7.9,8.4,6.6,5.6,5.1,1.5,1.0,1.1,2.7,15.149999618530273
2016-12-25,2.7,1.1,14.45,7.1,14.45,9.2,14.35,5.0,14.3,5.8,14.39,1.6,6.1,7.9,8.4,6.6,5.6,5.1,1.5,1.0,6.1,15.25
2016-12-26,6.1,1.0,14.55,1.1,14.45,7.1,14.45,9.2,14.35,5.0,14.3,2.7,1.6,6.1,7.9,8.4,6.6,5.6,5.1,1.5,5.4,15.300000190734865
2016-12-27,5.4,1.5,14.45,1.0,14.55,1.1,14.45,7.1,14.45,9.2,14.35,6.1,2.7,1.6,6.1,7.9,8.4,6.6,5.6,5.1,0.7,15.350000381469727
2016-12-28,0.7,5.1,14.48,1.5,14.48,1.0,14.55,1.1,14.45,7.1,14.45,5.4,6.1,2.7,1.6,6.1,7.9,8.4,6.6,5.6,0.4,15.5
2016-12-29,0.4,5.6,14.75,5.1,14.58,1.5,14.58,1.0,14.55,1.1,14.45,0.7,5.4,6.1,2.7,1.6,6.1,7.9,8.4,6.6,0.2,15.5
2016-12-30,0.2,6.6,14.8,5.6,14.75,5.1,14.7,1.5,14.7,1.0,14.55,0.4,0.7,5.4,6.1,2.7,1.6,6.1,7.9,8.4,1.2,15.550000190734865
2016-12-31,1.2,8.4,14.85,6.6,14.8,5.6,14.75,5.1,14.8,1.5,14.8,0.2,0.4,0.7,5.4,6.1,2.7,1.6,6.1,7.9,2.4,15.600000381469727
2017-01-03,8.0,1.6,15.15,6.1,15.0,7.9,15.0,8.4,14.85,6.6,14.8,4.3,2.4,1.2,0.2,0.4,0.7,5.4,6.1,2.7,,15.949999809265135
2017-01-04,3.96,2.7,15.25,1.6,15.15,6.1,15.0,7.9,15.0,8.4,14.85,8.0,4.3,2.4,1.2,0.2,0.4,0.7,5.4,6.1,,16.0
2017-01-05,3.62,6.1,15.3,2.7,15.25,1.6,15.15,6.1,15.0,7.9,15.0,3.62,8.0,4.3,2.4,1.2,0.2,0.4,0.7,5.4,,16.100000381469727
2017-01-06,3.26,5.4,15.35,6.1,15.3,2.7,15.25,1.6,15.15,6.1,15.0,3.26,3.26,8.0,4.3,2.4,1.2,0.2,0.4,0.7,,16.049999237060547
2017-01-07,3.0,0.7,15.5,5.4,15.35,6.1,15.3,2.7,15.25,1.6,15.15,3.0,3.0,3.0,8.0,4.3,2.4,1.2,0.2,0.4,,16.200000762939453
2017-01-09,3.19,0.2,15.55,0.4,15.5,0.7,15.5,5.4,15.35,6.1,15.3,3.19,3.19,3.19,3.19,3.19,8.0,4.3,2.4,1.2,,16.350000381469727
2017-01-10,2.82,1.2,15.6,0.2,15.55,0.4,15.5,0.7,15.5,5.4,15.35,2.82,2.82,2.82,2.82,2.82,2.82,8.0,4.3,2.4,,16.450000762939453
2017-01-20,4.5,2.62,16.45,2.62,16.35,2.62,16.26,2.62,16.2,2.62,16.05,3.9,2.8,1.3,0.8,0.7,2.5,4.5,2.62,2.62,-1.6,2.0999999046325684
2017-01-22,0.3,1.97,9.75,1.97,16.5,1.97,16.45,1.97,16.35,1.97,14.76,-1.6,4.5,3.9,2.8,1.3,0.8,0.7,2.5,4.5,-1.1,2.200000047683716
2017-01-23,-1.1,4.5,6.55,1.69,9.75,1.69,16.5,1.69,16.45,1.69,16.35,0.3,-1.6,4.5,3.9,2.8,1.3,0.8,0.7,2.5,-0.1,2.200000047683716
2017-01-24,-0.1,2.5,12.31,4.5,6.55,1.54,9.75,1.54,16.5,1.54,16.45,-1.1,0.3,-1.6,4.5,3.9,2.8,1.3,0.8,0.7,1.6,2.200000047683716
2017-01-25,1.6,0.7,10.93,2.5,10.93,4.5,6.55,1.55,9.75,1.55,16.5,-0.1,-1.1,0.3,-1.6,4.5,3.9,2.8,1.3,0.8,3.5,2.200000047683716
2017-01-26,3.5,0.8,2.0,0.7,6.1,2.5,6.1,4.5,6.55,1.69,9.75,1.6,-0.1,-1.1,0.3,-1.6,4.5,3.9,2.8,1.3,5.7,2.150000095367432
2017-01-27,5.7,1.3,2.05,0.8,2.0,0.7,3.53,2.5,3.53,4.5,6.55,3.5,1.6,-0.1,-1.1,0.3,-1.6,4.5,3.9,2.8,5.2,2.200000047683716
2017-01-28,5.2,2.8,2.1,1.3,2.05,0.8,2.0,0.7,2.05,2.5,2.05,5.7,3.5,1.6,-0.1,-1.1,0.3,-1.6,4.5,3.9,4.0,2.200000047683716
2017-01-30,4.5,4.5,2.1,3.9,2.1,2.8,2.1,1.3,2.05,0.8,2.0,4.0,5.2,5.7,3.5,1.6,-0.1,-1.1,0.3,-1.6,-1.1,2.200000047683716
2017-01-31,-1.1,-1.6,2.09,4.5,2.1,3.9,2.1,2.8,2.1,1.3,2.05,4.5,4.0,5.2,5.7,3.5,1.6,-0.1,-1.1,0.3,-0.6,2.200000047683716
2017-02-01,-0.6,0.3,2.2,-1.6,2.12,4.5,2.1,3.9,2.1,2.8,2.1,-1.1,4.5,4.0,5.2,5.7,3.5,1.6,-0.1,-1.1,0.7,2.200000047683716
2017-02-03,0.8,-0.1,2.2,-1.1,2.2,0.3,2.2,-1.6,2.18,4.5,2.1,0.7,-0.6,-1.1,4.5,4.0,5.2,5.7,3.5,1.6,3.3,2.200000047683716
2017-02-04,3.3,1.6,2.2,-0.1,2.2,-1.1,2.2,0.3,2.2,-1.6,2.2,0.8,0.7,-0.6,-1.1,4.5,4.0,5.2,5.7,3.5,4.8,2.200000047683716
2017-02-06,5.7,5.7,2.2,3.5,2.15,1.6,2.2,-0.1,2.2,-1.1,2.2,4.8,3.3,0.8,0.7,-0.6,-1.1,4.5,4.0,5.2,3.7,2.3000001907348637
2017-02-07,3.7,5.2,2.2,5.7,2.2,3.5,2.15,1.6,2.2,-0.1,2.2,5.7,4.8,3.3,0.8,0.7,-0.6,-1.1,4.5,4.0,1.6,2.200000047683716
2017-02-08,1.6,4.0,2.19,5.2,2.2,5.7,2.2,3.5,2.15,1.6,2.2,3.7,5.7,4.8,3.3,0.8,0.7,-0.6,-1.1,4.5,0.6,2.3000001907348637
2017-02-09,0.6,4.5,2.2,4.0,2.19,5.2,2.2,5.7,2.2,3.5,2.15,1.6,3.7,5.7,4.8,3.3,0.8,0.7,-0.6,-1.1,0.7,2.3000001907348637
2017-02-10,0.7,-1.1,2.2,4.5,2.2,4.0,2.2,5.2,2.2,5.7,2.2,0.6,1.6,3.7,5.7,4.8,3.3,0.8,0.7,-0.6,0.5,2.3000001907348637
2017-02-11,0.5,-0.6,2.2,-1.1,2.2,4.5,2.2,4.0,2.2,5.2,2.2,0.7,0.6,1.6,3.7,5.7,4.8,3.3,0.8,0.7,0.9,2.3000001907348637
2017-02-12,0.9,0.7,2.2,-0.6,2.2,-1.1,2.2,4.5,2.2,4.0,2.2,0.5,0.7,0.6,1.6,3.7,5.7,4.8,3.3,0.8,4.0,2.3000001907348637
2017-02-13,4.0,0.8,2.2,0.7,2.2,-0.6,2.2,-1.1,2.2,4.5,2.2,0.9,0.5,0.7,0.6,1.6,3.7,5.7,4.8,3.3,6.8,2.3000001907348637
2017-02-14,6.8,3.3,2.2,0.8,2.2,0.7,2.2,-0.6,2.2,-1.1,2.2,4.0,0.9,0.5,0.7,0.6,1.6,3.7,5.7,4.8,6.9,2.3000001907348637
2017-02-15,6.9,4.8,2.2,3.3,2.2,0.8,2.2,0.7,2.2,-0.6,2.2,6.8,4.0,0.9,0.5,0.7,0.6,1.6,3.7,5.7,9.2,2.3000001907348637
2017-02-16,9.2,5.7,2.3,4.8,2.23,3.3,2.2,0.8,2.2,0.7,2.23,6.9,6.8,4.0,0.9,0.5,0.7,0.6,1.6,3.7,10.7,2.3000001907348637
2017-02-17,10.7,3.7,2.2,5.7,2.3,4.8,2.22,3.3,2.2,0.8,2.2,9.2,6.9,6.8,4.0,0.9,0.5,0.7,0.6,1.6,5.5,2.3000001907348637
2017-02-20,11.2,0.7,2.3,0.6,2.3,1.6,2.3,3.7,2.2,5.7,2.3,5.6,5.5,10.7,9.2,6.9,6.8,4.0,0.9,0.5,5.3,2.450000047683716
2017-02-21,5.3,0.5,2.3,0.7,2.3,0.6,2.3,1.6,2.3,3.7,2.2,11.2,5.6,5.5,10.7,9.2,6.9,6.8,4.0,0.9,2.8,2.400000095367432
2017-02-22,2.8,0.9,2.3,0.5,2.3,0.7,2.3,0.6,2.3,1.6,2.3,5.3,11.2,5.6,5.5,10.7,9.2,6.9,6.8,4.0,2.3,2.3000001907348637
2017-02-23,2.3,4.0,2.3,0.9,2.3,0.5,2.3,0.7,2.3,0.6,2.3,2.8,5.3,11.2,5.6,5.5,10.7,9.2,6.9,6.8,2.6,2.3000001907348637
2017-02-25,4.6,6.9,2.3,6.8,2.3,4.0,2.3,0.9,2.3,0.5,2.3,2.6,2.3,2.8,5.3,11.2,5.6,5.5,10.7,9.2,6.4,2.3000001907348637
2017-02-26,6.4,9.2,2.3,6.9,2.3,6.8,2.3,4.0,2.3,0.9,2.3,4.6,2.6,2.3,2.8,5.3,11.2,5.6,5.5,10.7,7.4,2.3000001907348637
2017-02-27,7.4,10.7,2.3,9.2,2.3,6.9,2.3,6.8,2.3,4.0,2.3,6.4,4.6,2.6,2.3,2.8,5.3,11.2,5.6,5.5,7.4,2.400000095367432
2017-02-28,7.4,5.5,2.3,10.7,2.3,9.2,2.3,6.9,2.3,6.8,2.3,7.4,6.4,4.6,2.6,2.3,2.8,5.3,11.2,5.6,10.5,2.400000095367432
2017-03-01,10.5,5.6,2.3,5.5,2.3,10.7,2.3,9.2,2.3,6.9,2.3,7.4,7.4,6.4,4.6,2.6,2.3,2.8,5.3,11.2,8.6,2.450000047683716
2017-03-02,8.6,11.2,2.45,5.6,2.35,5.5,2.35,10.7,2.3,9.2,2.3,10.5,7.4,7.4,6.4,4.6,2.6,2.3,2.8,5.3,4.6,2.450000047683716
2017-03-03,4.6,5.3,2.4,11.2,2.45,5.6,2.38,5.5,2.38,10.7,2.3,8.6,10.5,7.4,7.4,6.4,4.6,2.6,2.3,2.8,8.2,2.450000047683716
2017-03-06,9.5,2.6,2.36,2.3,2.3,2.8,2.3,5.3,2.4,11.2,2.45,9.0,8.2,4.6,8.6,10.5,7.4,7.4,6.4,4.6,5.1,2.450000047683716
2017-03-07,5.1,4.6,2.3,2.6,2.32,2.3,2.3,2.8,2.3,5.3,2.4,9.5,9.0,8.2,4.6,8.6,10.5,7.4,7.4,6.4,5.5,2.450000047683716
2017-03-08,5.5,6.4,2.3,4.6,2.3,2.6,2.3,2.3,2.3,2.8,2.3,5.1,9.5,9.0,8.2,4.6,8.6,10.5,7.4,7.4,5.2,2.450000047683716
2017-03-09,5.2,7.4,2.4,6.4,2.3,4.6,2.3,2.6,2.32,2.3,2.3,5.5,5.1,9.5,9.0,8.2,4.6,8.6,10.5,7.4,8.7,2.450000047683716
2017-03-10,8.7,7.4,2.4,7.4,2.4,6.4,2.3,4.6,2.3,2.6,2.35,5.2,5.5,5.1,9.5,9.0,8.2,4.6,8.6,10.5,11.2,2.450000047683716
2017-03-13,11.3,4.6,2.45,8.6,2.45,10.5,2.45,7.4,2.4,7.4,2.4,13.1,11.2,8.7,5.2,5.5,5.1,9.5,9.0,8.2,,2.5
2017-03-14,8.42,8.2,2.44,4.6,2.45,8.6,2.45,10.5,2.45,7.4,2.4,11.3,13.1,11.2,8.7,5.2,5.5,5.1,9.5,9.0,7.4,2.5
2017-03-15,7.4,9.0,2.45,8.2,2.45,4.6,2.45,8.6,2.45,10.5,2.45,8.42,11.3,13.1,11.2,8.7,5.2,5.5,5.1,9.5,8.5,2.549999952316284
2017-03-16,8.5,9.5,2.45,9.0,2.45,8.2,2.45,4.6,2.45,8.6,2.45,7.4,8.28,11.3,13.1,11.2,8.7,5.2,5.5,5.1,9.0,2.549999952316284
2017-03-17,9.0,5.1,2.45,9.5,2.45,9.0,2.45,8.2,2.45,4.6,2.45,8.5,7.4,8.31,11.3,13.1,11.2,8.7,5.2,5.5,9.5,2.549999952316284
2017-03-20,10.7,8.7,2.45,5.2,2.45,5.5,2.45,5.1,2.45,9.5,2.45,10.5,9.5,9.0,8.5,7.4,8.94,11.3,13.1,11.2,7.4,2.5999999046325684
2017-03-21,7.4,11.2,2.45,8.7,2.45,5.2,2.45,5.5,2.45,5.1,2.45,10.7,10.5,9.5,9.0,8.5,7.4,8.79,11.3,13.1,8.6,2.5999999046325684
2017-03-22,8.6,13.1,2.45,11.2,2.45,8.7,2.45,5.2,2.45,5.5,2.45,7.4,10.7,10.5,9.5,9.0,8.5,7.4,9.04,11.3,7.6,2.5999999046325684
2017-03-24,7.8,9.38,2.5,11.3,2.5,13.1,2.48,11.2,2.48,8.7,2.45,7.6,8.6,7.4,10.7,10.5,9.5,9.0,8.5,7.4,8.0,2.6999998092651367
2017-03-27,9.7,9.0,2.55,8.5,2.55,7.4,2.55,8.98,2.5,11.3,2.5,9.7,8.0,7.8,7.6,8.6,7.4,10.7,10.5,9.5,,2.6999998092651367
2017-03-28,8.8,9.5,2.54,9.0,2.55,8.5,2.55,7.4,2.55,8.8,2.5,9.7,9.7,8.0,7.8,7.6,8.6,7.4,10.7,10.5,11.5,2.799999952316284
2017-03-29,11.5,10.5,2.55,9.5,2.55,9.0,2.55,8.5,2.55,7.4,2.55,8.99,9.7,9.7,8.0,7.8,7.6,8.6,7.4,10.7,9.8,2.8499999046325684
2017-03-30,9.8,10.7,2.6,10.5,2.57,9.5,2.57,9.0,2.55,8.5,2.55,11.5,9.16,9.7,9.7,8.0,7.8,7.6,8.6,7.4,10.4,2.8499999046325684
2017-03-31,10.4,7.4,2.6,10.7,2.6,10.5,2.58,9.5,2.58,9.0,2.55,9.8,11.5,9.3,9.7,9.7,8.0,7.8,7.6,8.6,10.1,2.900000095367432
2017-04-01,10.1,8.6,2.6,7.4,2.6,10.7,2.6,10.5,2.6,9.5,2.6,10.4,9.8,11.5,9.38,9.7,9.7,8.0,7.8,7.6,11.6,2.8499999046325684
2017-04-04,17.9,8.0,2.63,7.8,2.7,7.6,2.63,8.6,2.6,7.4,2.6,14.9,11.6,10.1,10.4,9.8,11.5,10.36,9.7,9.7,15.6,2.9500000476837163
2017-04-07,15.0,11.91,2.8,9.7,2.7,9.7,2.73,8.0,2.73,7.8,2.7,14.7,15.6,17.9,14.9,11.6,10.1,10.4,9.8,11.5,14.3,3.0
2017-04-09,14.9,9.8,2.85,11.5,2.85,12.86,2.8,9.7,2.7,9.7,2.8,14.3,15.0,14.7,15.6,17.9,14.9,11.6,10.1,10.4,12.0,3.0499999523162837
2017-04-10,12.0,10.4,2.9,9.8,2.85,11.5,2.85,13.03,2.8,9.7,2.7,14.9,14.3,15.0,14.7,15.6,17.9,14.9,11.6,10.1,9.1,3.0999999046325684
2017-04-11,9.1,10.1,2.85,10.4,2.9,9.8,2.85,11.5,2.85,12.99,2.8,12.0,14.9,14.3,15.0,14.7,15.6,17.9,14.9,11.6,12.5,3.0999999046325684
2017-04-12,12.5,11.6,2.86,10.1,2.85,10.4,2.9,9.8,2.85,11.5,2.85,9.1,12.0,14.9,14.3,15.0,14.7,15.6,17.9,14.9,14.9,3.0999999046325684
2017-04-13,14.9,14.9,2.87,11.6,2.87,10.1,2.85,10.4,2.9,9.8,2.85,12.5,9.1,12.0,14.9,14.3,15.0,14.7,15.6,17.9,16.5,3.150000095367432
2017-04-17,22.2,15.0,3.0,14.7,3.0,15.6,2.95,17.9,2.95,14.9,2.97,20.9,18.8,16.5,14.9,12.5,9.1,12.0,14.9,14.3,19.1,3.400000095367432
